Rodada,Data,Sem,Edicao,Casa,Visitante,Nacionalidade Casa,Nacionalidade Visitante,Resultado,Gols Casa,Gols Visitante
Fase de Grupos,2014-01-28,1,2014,Oriente Petrolero,Nacional,bo,uy,1,1,0
Fase de Grupos,2014-01-28,1,2014,Morelia,Santa Fe,mx,co,1,2,1
Fase de Grupos,2014-01-29,1,2014,Sporting Cristal,Atl Paranaense,pe,br,1,2,1
Fase de Grupos,2014-01-29,1,2014,SD Quito,Botafogo (RJ),ec,br,1,1,0
Fase de Grupos,2014-01-30,1,2014,Univ Chile,Guaraní,cl,py,1,1,0
Fase de Grupos,2014-01-30,1,2014,Caracas FC,Lanús,ve,ar,-1,0,2
Fase de Grupos,2014-02-04,1,2014,Nacional,Oriente Petrolero,uy,bo,1,2,0
Fase de Grupos,2014-02-04,1,2014,Santa Fe,Morelia,co,mx,1,1,0
Fase de Grupos,2014-02-06,1,2014,Guaraní,Univ Chile,py,cl,-1,2,3
Fase de Grupos,2014-02-05,1,2014,Botafogo (RJ),SD Quito,br,ec,1,4,0
Fase de Grupos,2014-02-05,1,2014,Atl Paranaense,Sporting Cristal,br,pe,1,2,1
Fase de Grupos,2014-02-06,1,2014,Lanús,Caracas FC,ar,ve,1,1,0
Fase de Grupos,2014-02-11,1,2014,Botafogo (RJ),San Lorenzo,br,ar,1,2,0
Fase de Grupos,2014-02-12,1,2014,Anzoátegui,Peñarol,ve,uy,0,1,1
Fase de Grupos,2014-02-11,1,2014,Santos,Arsenal,mx,ar,1,1,0
Fase de Grupos,2014-02-11,1,2014,Zamora,Atlético Mineiro,ve,br,-1,0,1
Fase de Grupos,2014-02-11,1,2014,Universitario,Vélez Sarsf,pe,ar,-1,0,1
Fase de Grupos,2014-02-11,1,2014,Santa Fe,Nacional,co,py,1,3,1
Fase de Grupos,2014-02-12,1,2014,León,Flamengo,mx,br,1,2,1
Fase de Grupos,2014-02-13,1,2014,Univ Chile,Defensor,cl,uy,1,1,0
Fase de Grupos,2014-02-12,1,2014,Real Garcilaso,Cruzeiro,pe,br,1,2,1
Fase de Grupos,2014-02-13,1,2014,Atl Paranaense,The Strongest,br,bo,1,1,0
Fase de Grupos,2014-02-12,1,2014,AD Cali,Cerro Porteño,co,py,1,1,0
Fase de Grupos,2014-02-13,1,2014,Lanús,O'Higgins,ar,cl,0,0,0
Fase de Grupos,2014-02-13,1,2014,Nacional,Newell's OB,co,ar,1,1,0
Fase de Grupos,2014-02-13,1,2014,CS Emelec,Bolívar,ec,bo,1,2,1
Fase de Grupos,2014-02-13,1,2014,Nacional,Grêmio,uy,br,-1,0,1
Fase de Grupos,2014-02-18,1,2014,Independiente,Unión Española,ec,cl,0,2,2
Fase de Grupos,2014-02-19,2,2014,Defensor,Real Garcilaso,uy,pe,1,4,1
Fase de Grupos,2014-02-18,2,2014,Peñarol,Santos,uy,mx,-1,0,2
Fase de Grupos,2014-02-20,2,2014,Nacional,Zamora,py,ve,1,1,0
Fase de Grupos,2014-02-19,2,2014,Bolívar,León,bo,mx,0,1,1
Fase de Grupos,2014-02-19,2,2014,O'Higgins,AD Cali,cl,co,1,1,0
Fase de Grupos,2014-02-20,2,2014,The Strongest,Universitario,bo,pe,1,1,0
Fase de Grupos,2014-02-25,2,2014,Cruzeiro,Univ Chile,br,cl,1,5,1
Fase de Grupos,2014-02-25,2,2014,Vélez Sarsf,Atl Paranaense,ar,br,1,2,0
Fase de Grupos,2014-02-26,2,2014,Cerro Porteño,Lanús,py,ar,1,3,1
Fase de Grupos,2014-02-26,2,2014,Unión Española,Botafogo (RJ),cl,br,0,1,1
Fase de Grupos,2014-02-25,2,2014,Arsenal,Anzoátegui,ar,ve,1,3,0
Fase de Grupos,2014-02-25,2,2014,Grêmio,Nacional,br,co,1,3,0
Fase de Grupos,2014-02-27,2,2014,San Lorenzo,Independiente,ar,ec,1,1,0
Fase de Grupos,2014-02-26,2,2014,Atlético Mineiro,Santa Fe,br,co,1,2,1
Fase de Grupos,2014-02-26,2,2014,Flamengo,CS Emelec,br,ec,1,3,1
Fase de Grupos,2014-02-27,2,2014,Newell's OB,Nacional,ar,uy,1,4,0
Fase de Grupos,2014-03-11,3,2014,Defensor,Cruzeiro,uy,br,1,2,0
Fase de Grupos,2014-03-12,3,2014,Independiente,Botafogo (RJ),ec,br,1,2,1
Fase de Grupos,2014-03-11,3,2014,Nacional,Nacional,co,uy,0,2,2
Fase de Grupos,2014-03-11,3,2014,Anzoátegui,Santos,ve,mx,0,1,1
Fase de Grupos,2014-03-12,3,2014,San Lorenzo,Unión Española,ar,cl,0,1,1
Fase de Grupos,2014-03-11,3,2014,The Strongest,Vélez Sarsf,bo,ar,1,2,0
Fase de Grupos,2014-03-11,3,2014,CS Emelec,León,ec,mx,1,2,1
Fase de Grupos,2014-03-11,3,2014,Real Garcilaso,Univ Chile,pe,cl,-1,1,2
Fase de Grupos,2014-03-13,3,2014,Arsenal,Peñarol,ar,uy,1,1,0
Fase de Grupos,2014-03-12,3,2014,Zamora,Santa Fe,ve,co,1,2,1
Fase de Grupos,2014-03-12,3,2014,Nacional,Atlético Mineiro,py,br,0,2,2
Fase de Grupos,2014-03-12,3,2014,Flamengo,Bolívar,br,bo,0,2,2
Fase de Grupos,2014-03-13,3,2014,O'Higgins,Cerro Porteño,cl,py,0,2,2
Fase de Grupos,2014-03-13,3,2014,Grêmio,Newell's OB,br,ar,0,0,0
Fase de Grupos,2014-03-13,3,2014,Universitario,Atl Paranaense,pe,br,-1,0,1
Fase de Grupos,2014-03-13,3,2014,AD Cali,Lanús,co,ar,1,2,1
Fase de Grupos,2014-03-18,4,2014,Univ Chile,Real Garcilaso,cl,pe,1,1,0
Fase de Grupos,2014-03-18,4,2014,Nacional,Nacional,uy,co,-1,0,1
Fase de Grupos,2014-03-19,4,2014,Atlético Mineiro,Nacional,br,py,0,1,1
Fase de Grupos,2014-03-19,4,2014,Peñarol,Arsenal,uy,ar,1,2,1
Fase de Grupos,2014-03-18,4,2014,Santa Fe,Zamora,co,ve,0,2,2
Fase de Grupos,2014-03-18,4,2014,Santos,Anzoátegui,mx,ve,1,3,0
Fase de Grupos,2014-03-18,4,2014,Vélez Sarsf,The Strongest,ar,bo,1,2,0
Fase de Grupos,2014-03-18,4,2014,Botafogo (RJ),Independiente,br,ec,1,1,0
Fase de Grupos,2014-03-20,4,2014,Atl Paranaense,Universitario,br,pe,1,3,0
Fase de Grupos,2014-03-19,4,2014,León,CS Emelec,mx,ec,1,3,0
Fase de Grupos,2014-03-20,4,2014,Cerro Porteño,O'Higgins,py,cl,1,2,1
Fase de Grupos,2014-03-20,4,2014,Lanús,AD Cali,ar,co,1,2,0
Fase de Grupos,2014-03-19,4,2014,Bolívar,Flamengo,bo,br,1,1,0
Fase de Grupos,2014-03-19,4,2014,Newell's OB,Grêmio,ar,br,0,1,1
Fase de Grupos,2014-03-20,4,2014,Cruzeiro,Defensor,br,uy,0,2,2
Fase de Grupos,2014-03-20,4,2014,Unión Española,San Lorenzo,cl,ar,1,1,0
Fase de Grupos,2014-03-25,5,2014,Zamora,Nacional,ve,py,1,2,0
Fase de Grupos,2014-03-26,5,2014,Nacional,Newell's OB,uy,ar,-1,2,4
Fase de Grupos,2014-03-25,5,2014,Santos,Peñarol,mx,uy,1,4,1
Fase de Grupos,2014-03-25,5,2014,Anzoátegui,Arsenal,ve,ar,-1,1,3
Fase de Grupos,2014-03-27,5,2014,Lanús,Cerro Porteño,ar,py,1,2,0
Fase de Grupos,2014-03-27,5,2014,Independiente,San Lorenzo,ec,ar,0,1,1
Fase de Grupos,2014-03-26,5,2014,AD Cali,O'Higgins,co,cl,0,1,1
Fase de Grupos,2014-03-26,5,2014,León,Bolívar,mx,bo,-1,0,1
Fase de Grupos,2014-03-26,5,2014,Atl Paranaense,Vélez Sarsf,br,ar,-1,1,3
Fase de Grupos,2014-03-27,5,2014,Universitario,The Strongest,pe,bo,0,3,3
Fase de Grupos,2014-04-01,5,2014,Real Garcilaso,Defensor,pe,uy,-1,0,2
Fase de Grupos,2014-04-02,5,2014,Botafogo (RJ),Unión Española,br,cl,-1,0,1
Fase de Grupos,2014-04-02,5,2014,CS Emelec,Flamengo,ec,br,-1,1,2
Fase de Grupos,2014-04-02,5,2014,Nacional,Grêmio,co,br,-1,0,2
Fase de Grupos,2014-04-03,5,2014,Univ Chile,Cruzeiro,cl,br,-1,0,2
Fase de Grupos,2014-04-03,5,2014,Santa Fe,Atlético Mineiro,co,br,0,1,1
Fase de Grupos,2014-04-08,6,2014,The Strongest,Atl Paranaense,bo,br,1,2,1
Fase de Grupos,2014-04-08,6,2014,Vélez Sarsf,Universitario,ar,pe,1,1,0
Fase de Grupos,2014-04-09,6,2014,San Lorenzo,Botafogo (RJ),ar,br,1,3,0
Fase de Grupos,2014-04-09,6,2014,Unión Española,Independiente,cl,ec,-1,4,5
Fase de Grupos,2014-04-08,6,2014,Cerro Porteño,AD Cali,py,co,1,3,2
Fase de Grupos,2014-04-08,6,2014,O'Higgins,Lanús,cl,ar,0,0,0
Fase de Grupos,2014-04-10,6,2014,Nacional,Santa Fe,py,co,1,3,2
Fase de Grupos,2014-04-10,6,2014,Atlético Mineiro,Zamora,br,ve,1,1,0
Fase de Grupos,2014-04-10,6,2014,Peñarol,Anzoátegui,uy,ve,0,1,1
Fase de Grupos,2014-04-10,6,2014,Arsenal,Santos,ar,mx,1,3,0
Fase de Grupos,2014-04-09,6,2014,Bolívar,CS Emelec,bo,ec,1,2,1
Fase de Grupos,2014-04-09,6,2014,Flamengo,León,br,mx,-1,2,3
Fase de Grupos,2014-04-09,6,2014,Cruzeiro,Real Garcilaso,br,pe,1,3,0
Fase de Grupos,2014-04-09,6,2014,Defensor,Univ Chile,uy,cl,0,1,1
Fase de Grupos,2014-04-10,6,2014,Newell's OB,Nacional,ar,co,-1,1,3
Fase de Grupos,2014-04-10,6,2014,Grêmio,Nacional,br,uy,1,1,0
Oitavas de final,2014-04-16,,2014,Lanús,Santos,ar,mx,1,2,1
Oitavas de final,2014-04-16,,2014,León,Bolívar,mx,bo,0,2,2
Oitavas de final,2014-04-16,,2014,Cruzeiro,Cerro Porteño,br,py,0,1,1
Oitavas de final,2014-04-17,,2014,The Strongest,Defensor,bo,uy,1,2,0
Oitavas de final,2014-04-23,,2014,Nacional,Vélez Sarsf,py,ar,1,1,0
Oitavas de final,2014-04-22,,2014,Bolívar,León,bo,mx,0,1,1
Oitavas de final,2014-04-23,,2014,Nacional,Atlético Mineiro,co,br,1,1,0
Oitavas de final,2014-04-23,,2014,San Lorenzo,Grêmio,ar,br,1,1,0
Oitavas de final,2014-04-23,,2014,Santos,Lanús,mx,ar,-1,0,2
Oitavas de final,2014-04-24,,2014,Arsenal,Unión Española,ar,cl,0,0,0
Oitavas de final,2014-04-29,,2014,Defensor,The Strongest,uy,bo,1,2,0
Oitavas de final,2014-04-30,,2014,Unión Española,Arsenal,cl,ar,-1,0,1
Oitavas de final,2014-04-29,,2014,Vélez Sarsf,Nacional,ar,py,0,2,2
Oitavas de final,2014-05-01,,2014,Atlético Mineiro,Nacional,br,co,0,1,1
Oitavas de final,2014-04-30,,2014,Cerro Porteño,Cruzeiro,py,br,-1,0,2
Oitavas de final,2014-04-30,,2014,Grêmio,San Lorenzo,br,ar,-1,1,0
Quartas de final,2014-05-07,,2014,Nacional,Arsenal,py,ar,1,1,0
Quartas de final,2014-05-08,,2014,Lanús,Bolívar,ar,bo,0,1,1
Quartas de final,2014-05-07,,2014,San Lorenzo,Cruzeiro,ar,br,1,1,0
Quartas de final,2014-05-08,,2014,Nacional,Defensor,co,uy,-1,0,2
Quartas de final,2014-05-14,,2014,Arsenal,Nacional,ar,py,0,0,0
Quartas de final,2014-05-15,,2014,Bolívar,Lanús,bo,ar,1,1,0
Quartas de final,2014-05-14,,2014,Cruzeiro,San Lorenzo,br,ar,0,1,1
Quartas de final,2014-05-15,,2014,Defensor,Nacional,uy,co,1,1,0
Semifinais,2014-07-21,,2014,Nacional,Defensor,py,uy,1,2,0
Semifinais,2014-07-22,,2014,San Lorenzo,Bolívar,ar,bo,1,5,0
Semifinais,2014-07-28,,2014,Defensor,Nacional,uy,py,1,1,0
Semifinais,2014-07-29,,2014,Bolívar,San Lorenzo,bo,ar,1,1,0
Final,2014-08-12,,2014,San Lorenzo,Nacional,ar,py,1,2,1
Fase de Grupos,2015-02-03,1,2015,Alianza Lima,CA Huracán,pe,ar,-1,0,4
Fase de Grupos,2015-02-03,1,2015,Morelia,The Strongest,mx,bo,0,1,1
Fase de Grupos,2015-02-05,1,2015,Palestino,Nacional,cl,uy,1,1,0
Fase de Grupos,2015-02-04,1,2015,Dep Táchira,Cerro Porteño,ve,py,1,2,1
Fase de Grupos,2015-02-04,1,2015,Corinthians,Once Caldas,br,co,1,4,0
Fase de Grupos,2015-02-05,1,2015,Independiente,Estudiantes,ec,ar,1,1,0
Fase de Grupos,2015-02-10,1,2015,CA Huracán,Alianza Lima,ar,pe,0,0,0
Fase de Grupos,2015-02-11,1,2015,Cerro Porteño,Dep Táchira,py,ve,0,2,2
Fase de Grupos,2015-02-10,1,2015,The Strongest,Morelia,bo,mx,1,2,0
Fase de Grupos,2015-02-11,1,2015,Once Caldas,Corinthians,co,br,0,1,1
Fase de Grupos,2015-02-12,1,2015,Nacional,Palestino,uy,cl,1,2,1
Fase de Grupos,2015-02-12,1,2015,Estudiantes,Independiente,ar,ec,1,4,0
Fase de Grupos,2015-02-17,1,2015,Univ Chile,CS Emelec,cl,ec,-1,0,1
Fase de Grupos,2015-02-17,1,2015,Wanderers,Zamora,uy,ve,1,3,2
Fase de Grupos,2015-02-18,1,2015,Guaraní,Sporting Cristal,py,pe,0,2,2
Fase de Grupos,2015-02-18,1,2015,Palestino,Boca Juniors,cl,ar,-1,0,2
Fase de Grupos,2015-02-17,1,2015,Dep Táchira,Racing Club,ve,ar,-1,0,5
Fase de Grupos,2015-02-17,1,2015,The Strongest,Internacional,bo,br,1,3,1
Fase de Grupos,2015-02-17,1,2015,Atlas,Santa Fe,mx,co,-1,0,1
Fase de Grupos,2015-02-19,1,2015,Libertad,Nacional,py,co,0,2,2
Fase de Grupos,2015-02-18,1,2015,UANL,Juan Aurich,mx,pe,1,3,0
Fase de Grupos,2015-02-19,1,2015,Danubio,San Lorenzo,uy,ar,-1,1,2
Fase de Grupos,2015-02-18,1,2015,Colo-Colo,Atlético Mineiro,cl,br,1,2,0
Fase de Grupos,2015-02-18,1,2015,Corinthians,São Paulo,br,br,1,2,0
Fase de Grupos,2015-02-19,1,2015,San José,River Plate,bo,ar,1,2,0
Fase de Grupos,2015-02-24,1,2015,CA Huracán,Mineros,ar,ve,0,2,2
Fase de Grupos,2015-02-25,1,2015,Estudiantes,Barcelona SC,ar,ec,1,3,0
Fase de Grupos,2015-02-25,2,2015,Atlético Mineiro,Atlas,br,mx,-1,0,1
Fase de Grupos,2015-02-24,2,2015,Racing Club,Guaraní,ar,py,1,4,1
Fase de Grupos,2015-02-24,2,2015,CS Emelec,The Strongest,ec,bo,1,3,0
Fase de Grupos,2015-02-24,2,2015,Sporting Cristal,Dep Táchira,pe,ve,0,1,1
Fase de Grupos,2015-02-26,2,2015,Internacional,Univ Chile,br,cl,1,3,1
Fase de Grupos,2015-02-26,2,2015,Boca Juniors,Wanderers,ar,uy,1,2,1
Fase de Grupos,2015-02-25,1,2015,Universitario,Cruzeiro,bo,br,0,0,0
Fase de Grupos,2015-02-25,2,2015,São Paulo,Danubio,br,uy,1,4,0
Fase de Grupos,2015-02-26,2,2015,Santa Fe,Colo-Colo,co,cl,1,3,1
Fase de Grupos,2015-02-26,2,2015,Zamora,Palestino,ve,cl,-1,0,1
Fase de Grupos,2015-03-03,2,2015,Barcelona SC,Libertad,ec,py,-1,0,1
Fase de Grupos,2015-03-03,2,2015,Mineros,Universitario,ve,bo,-1,0,1
Fase de Grupos,2015-03-04,3,2015,Colo-Colo,Atlas,cl,mx,1,2,0
Fase de Grupos,2015-03-03,2,2015,Cruzeiro,CA Huracán,br,ar,0,0,0
Fase de Grupos,2015-03-05,2,2015,River Plate,UANL,ar,mx,0,1,1
Fase de Grupos,2015-03-05,3,2015,Univ Chile,The Strongest,cl,bo,1,3,1
Fase de Grupos,2015-03-04,2,2015,San Lorenzo,Corinthians,ar,br,-1,0,1
Fase de Grupos,2015-03-04,3,2015,Internacional,CS Emelec,br,ec,1,3,2
Fase de Grupos,2015-03-05,2,2015,Juan Aurich,San José,pe,bo,1,2,0
Fase de Grupos,2015-03-05,2,2015,Nacional,Estudiantes,co,ar,0,1,1
Fase de Grupos,2015-03-10,3,2015,Universitario,CA Huracán,bo,ar,0,0,0
Fase de Grupos,2015-03-10,3,2015,Wanderers,Palestino,uy,cl,1,1,0
Fase de Grupos,2015-03-11,3,2015,Boca Juniors,Zamora,ar,ve,1,5,0
Fase de Grupos,2015-03-10,3,2015,Racing Club,Sporting Cristal,ar,pe,-1,1,2
Fase de Grupos,2015-03-10,3,2015,Guaraní,Dep Táchira,py,ve,1,5,2
Fase de Grupos,2015-03-12,3,2015,Libertad,Estudiantes,py,ar,1,1,0
Fase de Grupos,2015-03-11,3,2015,Barcelona SC,Nacional,ec,co,-1,1,2
Fase de Grupos,2015-03-11,3,2015,San José,UANL,bo,mx,-1,0,1
Fase de Grupos,2015-03-12,3,2015,Juan Aurich,River Plate,pe,ar,0,1,1
Fase de Grupos,2015-03-17,3,2015,Danubio,Corinthians,uy,br,-1,1,2
Fase de Grupos,2015-03-18,4,2015,CS Emelec,Internacional,ec,br,0,1,1
Fase de Grupos,2015-03-18,4,2015,Estudiantes,Libertad,ar,py,1,1,0
Fase de Grupos,2015-03-17,4,2015,Sporting Cristal,Racing Club,pe,ar,-1,0,2
Fase de Grupos,2015-03-17,4,2015,Zamora,Boca Juniors,ve,ar,-1,1,5
Fase de Grupos,2015-03-17,4,2015,UANL,San José,mx,bo,1,4,0
Fase de Grupos,2015-03-17,4,2015,The Strongest,Univ Chile,bo,cl,1,5,3
Fase de Grupos,2015-03-18,4,2015,Dep Táchira,Guaraní,ve,py,0,1,1
Fase de Grupos,2015-03-18,3,2015,Santa Fe,Atlético Mineiro,co,br,-1,0,1
Fase de Grupos,2015-03-19,4,2015,River Plate,Juan Aurich,ar,pe,0,1,1
Fase de Grupos,2015-03-19,4,2015,Palestino,Wanderers,cl,uy,0,1,1
Fase de Grupos,2015-03-18,3,2015,São Paulo,San Lorenzo,br,ar,1,1,0
Fase de Grupos,2015-03-19,4,2015,Nacional,Barcelona SC,co,ec,-1,2,3
Fase de Grupos,2015-03-19,3,2015,Mineros,Cruzeiro,ve,br,-1,0,2
Fase de Grupos,2015-04-01,4,2015,San Lorenzo,São Paulo,ar,br,1,1,0
Fase de Grupos,2015-04-01,4,2015,Corinthians,Danubio,br,uy,1,4,0
Fase de Grupos,2015-04-07,5,2015,Guaraní,Racing Club,py,ar,1,2,0
Fase de Grupos,2015-04-07,5,2015,Palestino,Zamora,cl,ve,1,4,0
Fase de Grupos,2015-04-08,5,2015,Dep Táchira,Sporting Cristal,ve,pe,0,0,0
Fase de Grupos,2015-04-08,4,2015,CA Huracán,Universitario,ar,bo,0,1,1
Fase de Grupos,2015-04-07,4,2015,Atlas,Colo-Colo,mx,cl,-1,1,3
Fase de Grupos,2015-04-07,5,2015,San José,Juan Aurich,bo,pe,0,1,1
Fase de Grupos,2015-04-09,5,2015,Libertad,Barcelona SC,py,ec,0,1,1
Fase de Grupos,2015-04-09,5,2015,Estudiantes,Nacional,ar,co,-1,0,1
Fase de Grupos,2015-04-08,5,2015,UANL,River Plate,mx,ar,0,2,2
Fase de Grupos,2015-04-08,4,2015,Cruzeiro,Mineros,br,ve,1,3,0
Fase de Grupos,2015-04-09,4,2015,Atlético Mineiro,Santa Fe,br,co,1,2,0
Fase de Grupos,2015-04-09,5,2015,Wanderers,Boca Juniors,uy,ar,-1,0,3
Fase de Grupos,2015-04-14,5,2015,Universitario,Mineros,bo,ve,1,2,0
Fase de Grupos,2015-04-14,5,2015,CA Huracán,Cruzeiro,ar,br,1,3,1
Fase de Grupos,2015-04-15,5,2015,The Strongest,CS Emelec,bo,ec,1,1,0
Fase de Grupos,2015-04-15,6,2015,Juan Aurich,UANL,pe,mx,-1,4,5
Fase de Grupos,2015-04-14,6,2015,Sporting Cristal,Guaraní,pe,py,0,1,1
Fase de Grupos,2015-04-15,6,2015,River Plate,San José,ar,bo,1,3,0
Fase de Grupos,2015-04-14,6,2015,Racing Club,Dep Táchira,ar,ve,1,3,2
Fase de Grupos,2015-04-16,6,2015,Zamora,Wanderers,ve,uy,-1,0,3
Fase de Grupos,2015-04-16,6,2015,Boca Juniors,Palestino,ar,cl,1,2,0
Fase de Grupos,2015-04-15,5,2015,Atlas,Atlético Mineiro,mx,br,1,1,0
Fase de Grupos,2015-04-15,5,2015,Danubio,São Paulo,uy,br,-1,1,2
Fase de Grupos,2015-04-15,5,2015,Colo-Colo,Santa Fe,cl,co,-1,0,3
Fase de Grupos,2015-04-16,5,2015,Corinthians,San Lorenzo,br,ar,0,0,0
Fase de Grupos,2015-04-16,5,2015,Univ Chile,Internacional,cl,br,-1,0,4
Fase de Grupos,2015-04-21,6,2015,Mineros,CA Huracán,ve,ar,1,3,0
Fase de Grupos,2015-04-21,6,2015,Cruzeiro,Universitario,br,bo,1,2,0
Fase de Grupos,2015-04-22,6,2015,CS Emelec,Univ Chile,ec,cl,1,2,0
Fase de Grupos,2015-04-22,6,2015,Internacional,The Strongest,br,bo,1,1,0
Fase de Grupos,2015-04-22,6,2015,Santa Fe,Atlas,co,mx,1,3,1
Fase de Grupos,2015-04-22,6,2015,Atlético Mineiro,Colo-Colo,br,cl,1,2,0
Fase de Grupos,2015-04-21,6,2015,Barcelona SC,Estudiantes,ec,ar,-1,0,2
Fase de Grupos,2015-04-21,6,2015,Nacional,Libertad,co,py,1,4,0
Fase de Grupos,2015-04-22,6,2015,São Paulo,Corinthians,br,br,1,2,0
Fase de Grupos,2015-04-22,6,2015,San Lorenzo,Danubio,ar,uy,-1,0,1
Oitavas de final,2015-04-28,,2015,Universitario,UANL,bo,mx,-1,1,2
Oitavas de final,2015-05-05,,2015,Estudiantes,Santa Fe,ar,co,1,2,1
Oitavas de final,2015-05-06,,2015,Guaraní,Corinthians,py,br,1,2,0
Oitavas de final,2015-05-05,,2015,UANL,Universitario,mx,bo,0,1,1
Oitavas de final,2015-05-07,,2015,Wanderers,Racing Club,uy,ar,0,1,1
Oitavas de final,2015-05-06,,2015,Atlético Mineiro,Internacional,br,br,0,2,2
Oitavas de final,2015-05-06,,2015,São Paulo,Cruzeiro,br,br,1,1,0
Oitavas de final,2015-05-07,,2015,River Plate,Boca Juniors,ar,ar,1,1,0
Oitavas de final,2015-05-07,,2015,CS Emelec,Nacional,ec,co,1,2,0
Oitavas de final,2015-05-12,,2015,Santa Fe,Estudiantes,co,ar,1,2,0
Oitavas de final,2015-05-13,,2015,Cruzeiro,São Paulo,br,br,1,1,0
Oitavas de final,2015-05-14,,2015,Racing Club,Wanderers,ar,uy,1,2,1
Oitavas de final,2015-05-13,,2015,Corinthians,Guaraní,br,py,-1,0,1
Oitavas de final,2015-05-13,,2015,Internacional,Atlético Mineiro,br,br,1,3,1
Oitavas de final,2015-05-14,,2015,Boca Juniors,River Plate,ar,ar,-1,0,3
Oitavas de final,2015-05-14,,2015,Nacional,CS Emelec,co,ec,1,1,0
Quartas de final,2015-05-19,,2015,CS Emelec,UANL,ec,mx,1,1,0
Quartas de final,2015-05-21,,2015,Guaraní,Racing Club,py,ar,1,1,0
Quartas de final,2015-05-20,,2015,Santa Fe,Internacional,co,br,1,1,0
Quartas de final,2015-05-21,,2015,River Plate,Cruzeiro,ar,br,-1,0,1
Quartas de final,2015-05-27,,2015,Internacional,Santa Fe,br,co,1,2,0
Quartas de final,2015-05-26,,2015,UANL,CS Emelec,mx,ec,1,2,0
Quartas de final,2015-05-27,,2015,Cruzeiro,River Plate,br,ar,-1,0,3
Quartas de final,2015-05-28,,2015,Racing Club,Guaraní,ar,py,0,0,0
Semifinais,2015-07-14,,2015,River Plate,Guaraní,ar,py,1,2,0
Semifinais,2015-07-15,,2015,Internacional,UANL,br,mx,1,2,1
Semifinais,2015-07-21,,2015,Guaraní,River Plate,py,ar,0,1,1
Semifinais,2015-07-22,,2015,UANL,Internacional,mx,br,1,3,1
Final,2015-08-05,,2015,River Plate,UANL,ar,mx,1,3,0
Fase de Grupos,2016-02-02,1,2016,CA Huracán,Caracas,ar,ve,1,1,0
Fase de Grupos,2016-02-03,1,2016,U César Vallejo,São Paulo,pe,br,0,1,1
Fase de Grupos,2016-02-02,1,2016,River Plate,Univ Chile,uy,cl,1,2,0
Fase de Grupos,2016-02-04,1,2016,Independiente,Guaraní,ec,py,1,1,0
Fase de Grupos,2016-02-03,1,2016,Puebla,Racing Club,mx,ar,0,2,2
Fase de Grupos,2016-02-04,1,2016,Oriente Petrolero,Santa Fe,bo,co,-1,1,3
Fase de Grupos,2016-02-09,1,2016,Univ Chile,River Plate,cl,uy,0,0,0
Fase de Grupos,2016-02-09,1,2016,Caracas,CA Huracán,ve,ar,1,2,1
Fase de Grupos,2016-02-10,1,2016,São Paulo,U César Vallejo,br,pe,1,1,0
Fase de Grupos,2016-02-11,1,2016,Guaraní,Independiente,py,ec,1,2,1
Fase de Grupos,2016-02-10,1,2016,Racing Club,Puebla,ar,mx,1,1,0
Fase de Grupos,2016-02-11,1,2016,Santa Fe,Oriente Petrolero,co,bo,1,3,0
Fase de Grupos,2016-02-16,1,2016,River Plate,Palmeiras,uy,br,0,2,2
Fase de Grupos,2016-02-17,1,2016,Melgar,Atlético Mineiro,pe,br,-1,1,2
Fase de Grupos,2016-02-17,1,2016,São Paulo,The Strongest,br,bo,-1,0,1
Fase de Grupos,2016-02-17,1,2016,Cobresal,Corinthians,cl,br,-1,0,1
Fase de Grupos,2016-02-16,1,2016,Santa Fe,Cerro Porteño,co,py,0,0,0
Fase de Grupos,2016-02-16,1,2016,Dep Táchira,Olimpia,ve,py,1,2,1
Fase de Grupos,2016-02-17,1,2016,Toluca,Grêmio,mx,br,1,2,0
Fase de Grupos,2016-02-18,1,2016,Sporting Cristal,Peñarol,pe,uy,0,1,1
Fase de Grupos,2016-02-18,1,2016,Independiente,Colo-Colo,ec,cl,0,1,1
Fase de Grupos,2016-02-18,1,2016,UNAM,CS Emelec,mx,ec,1,4,2
Fase de Grupos,2016-02-23,1,2016,LDU de Quito,San Lorenzo,ec,ar,1,2,0
Fase de Grupos,2016-02-24,1,2016,Racing Club,Bolívar,ar,bo,1,4,1
Fase de Grupos,2016-02-24,2,2016,Colo-Colo,Melgar,cl,pe,1,1,0
Fase de Grupos,2016-02-23,1,2016,CA Huracán,Nacional,ar,co,-1,0,2
Fase de Grupos,2016-02-25,1,2016,Rosario Cent,Nacional,ar,uy,0,1,1
Fase de Grupos,2016-02-25,2,2016,Cerro Porteño,Cobresal,py,cl,1,2,1
Fase de Grupos,2016-02-24,1,2016,AD Cali,Boca Juniors,co,ar,0,0,0
Fase de Grupos,2016-02-24,2,2016,Atlético Mineiro,Independiente,br,ec,1,1,0
Fase de Grupos,2016-02-25,2,2016,CS Emelec,Dep Táchira,ec,ve,1,2,0
Fase de Grupos,2016-02-25,1,2016,Trujillanos,River Plate,ve,ar,-1,0,4
Fase de Grupos,2016-03-01,3,2016,Melgar,Independiente,pe,ec,-1,0,1
Fase de Grupos,2016-03-01,2,2016,Olimpia,UNAM,py,mx,-1,0,2
Fase de Grupos,2016-03-02,2,2016,The Strongest,Trujillanos,bo,ve,1,2,1
Fase de Grupos,2016-03-02,2,2016,Nacional,River Plate,uy,uy,0,0,0
Fase de Grupos,2016-03-02,2,2016,San Lorenzo,Toluca,ar,mx,0,1,1
Fase de Grupos,2016-03-01,2,2016,Nacional,Sporting Cristal,co,pe,1,3,0
Fase de Grupos,2016-03-01,2,2016,Peñarol,CA Huracán,uy,ar,-1,0,1
Fase de Grupos,2016-03-03,2,2016,Boca Juniors,Racing Club,ar,ar,0,0,0
Fase de Grupos,2016-03-02,2,2016,Corinthians,Santa Fe,br,co,1,1,0
Fase de Grupos,2016-03-02,2,2016,Grêmio,LDU de Quito,br,ec,1,4,0
Fase de Grupos,2016-03-03,2,2016,Bolívar,AD Cali,bo,co,1,5,0
Fase de Grupos,2016-03-03,2,2016,Palmeiras,Rosario Cent,br,ar,1,2,0
Fase de Grupos,2016-03-08,3,2016,CS Emelec,Olimpia,ec,py,0,2,2
Fase de Grupos,2016-03-09,3,2016,Cobresal,Santa Fe,cl,co,-1,1,2
Fase de Grupos,2016-03-09,3,2016,Cerro Porteño,Corinthians,py,br,1,3,2
Fase de Grupos,2016-03-09,3,2016,Rosario Cent,River Plate,ar,uy,1,4,1
Fase de Grupos,2016-03-08,3,2016,Sporting Cristal,CA Huracán,pe,ar,1,3,2
Fase de Grupos,2016-03-08,3,2016,Nacional,Peñarol,co,uy,1,2,0
Fase de Grupos,2016-03-10,2,2016,River Plate,São Paulo,ar,br,0,1,1
Fase de Grupos,2016-03-09,3,2016,Dep Táchira,UNAM,ve,mx,1,2,0
Fase de Grupos,2016-03-09,3,2016,Palmeiras,Nacional,br,uy,-1,1,2
Fase de Grupos,2016-03-09,3,2016,Grêmio,San Lorenzo,br,ar,0,1,1
Fase de Grupos,2016-03-10,3,2016,LDU de Quito,Toluca,ec,mx,-1,1,2
Fase de Grupos,2016-03-10,3,2016,Bolívar,Boca Juniors,bo,ar,0,1,1
Fase de Grupos,2016-03-10,3,2016,Colo-Colo,Atlético Mineiro,cl,br,0,0,0
Fase de Grupos,2016-03-15,4,2016,Independiente,Melgar,ec,pe,1,2,0
Fase de Grupos,2016-03-15,4,2016,Santa Fe,Cobresal,co,cl,1,3,0
Fase de Grupos,2016-03-16,3,2016,Trujillanos,São Paulo,ve,br,0,1,1
Fase de Grupos,2016-03-16,3,2016,The Strongest,River Plate,bo,ar,0,1,1
Fase de Grupos,2016-03-15,4,2016,San Lorenzo,Grêmio,ar,br,0,1,1
Fase de Grupos,2016-03-15,4,2016,Peñarol,Nacional,uy,co,-1,0,4
Fase de Grupos,2016-03-17,4,2016,River Plate,Rosario Cent,uy,ar,-1,1,3
Fase de Grupos,2016-03-17,4,2016,Olimpia,CS Emelec,py,ec,1,4,2
Fase de Grupos,2016-03-16,4,2016,Corinthians,Cerro Porteño,br,py,1,2,0
Fase de Grupos,2016-03-16,4,2016,Atlético Mineiro,Colo-Colo,br,cl,1,3,0
Fase de Grupos,2016-03-17,3,2016,AD Cali,Racing Club,co,ar,0,2,2
Fase de Grupos,2016-03-17,4,2016,UNAM,Dep Táchira,mx,ve,1,4,1
Fase de Grupos,2016-03-17,4,2016,Nacional,Palmeiras,uy,br,1,1,0
Fase de Grupos,2016-04-05,5,2016,Dep Táchira,CS Emelec,ve,ec,1,1,0
Fase de Grupos,2016-04-05,4,2016,CA Huracán,Sporting Cristal,ar,pe,1,4,2
Fase de Grupos,2016-04-06,4,2016,River Plate,The Strongest,ar,bo,1,6,0
Fase de Grupos,2016-04-05,4,2016,Toluca,LDU de Quito,mx,ec,1,2,1
Fase de Grupos,2016-04-05,4,2016,São Paulo,Trujillanos,br,ve,1,6,0
Fase de Grupos,2016-04-07,4,2016,Boca Juniors,Bolívar,ar,bo,1,3,1
Fase de Grupos,2016-04-07,5,2016,River Plate,Nacional,uy,uy,0,2,2
Fase de Grupos,2016-04-06,5,2016,Santa Fe,Corinthians,co,br,0,1,1
Fase de Grupos,2016-04-06,5,2016,Independiente,Atlético Mineiro,ec,br,1,3,2
Fase de Grupos,2016-04-06,5,2016,Rosario Cent,Palmeiras,ar,br,0,3,3
Fase de Grupos,2016-04-06,5,2016,UNAM,Olimpia,mx,py,1,4,1
Fase de Grupos,2016-04-07,5,2016,Melgar,Colo-Colo,pe,cl,-1,1,2
Fase de Grupos,2016-04-07,4,2016,Racing Club,AD Cali,ar,co,1,4,2
Fase de Grupos,2016-04-12,5,2016,Trujillanos,The Strongest,ve,bo,1,2,1
Fase de Grupos,2016-04-12,5,2016,CA Huracán,Peñarol,ar,uy,0,0,0
Fase de Grupos,2016-04-13,5,2016,Cobresal,Cerro Porteño,cl,py,1,2,0
Fase de Grupos,2016-04-13,6,2016,CS Emelec,UNAM,ec,mx,-1,2,3
Fase de Grupos,2016-04-13,6,2016,Olimpia,Dep Táchira,py,ve,1,4,0
Fase de Grupos,2016-04-13,5,2016,Racing Club,Boca Juniors,ar,ar,-1,0,1
Fase de Grupos,2016-04-12,5,2016,Sporting Cristal,Nacional,pe,co,-1,0,1
Fase de Grupos,2016-04-12,5,2016,Toluca,San Lorenzo,mx,ar,1,2,1
Fase de Grupos,2016-04-14,6,2016,Colo-Colo,Independiente,cl,ec,0,0,0
Fase de Grupos,2016-04-14,6,2016,Atlético Mineiro,Melgar,br,pe,1,4,0
Fase de Grupos,2016-04-13,5,2016,LDU de Quito,Grêmio,ec,br,-1,2,3
Fase de Grupos,2016-04-13,5,2016,São Paulo,River Plate,br,ar,1,2,1
Fase de Grupos,2016-04-14,5,2016,AD Cali,Bolívar,co,bo,0,1,1
Fase de Grupos,2016-04-14,6,2016,Palmeiras,River Plate,br,uy,1,4,0
Fase de Grupos,2016-04-14,6,2016,Nacional,Rosario Cent,uy,ar,-1,0,2
Fase de Grupos,2016-04-19,6,2016,Nacional,CA Huracán,co,ar,0,0,0
Fase de Grupos,2016-04-19,6,2016,Peñarol,Sporting Cristal,uy,pe,1,4,3
Fase de Grupos,2016-04-20,6,2016,Bolívar,Racing Club,bo,ar,0,1,1
Fase de Grupos,2016-04-20,6,2016,Boca Juniors,AD Cali,ar,co,1,6,2
Fase de Grupos,2016-04-19,6,2016,San Lorenzo,LDU de Quito,ar,ec,0,1,1
Fase de Grupos,2016-04-19,6,2016,Grêmio,Toluca,br,mx,1,1,0
Fase de Grupos,2016-04-20,6,2016,Cerro Porteño,Santa Fe,py,co,1,1,0
Fase de Grupos,2016-04-20,6,2016,Corinthians,Cobresal,br,cl,1,6,0
Fase de Grupos,2016-04-21,6,2016,The Strongest,São Paulo,bo,br,0,1,1
Fase de Grupos,2016-04-21,6,2016,River Plate,Trujillanos,ar,ve,1,4,3
Oitavas de final,2016-04-26,,2016,CA Huracán,Nacional,ar,co,0,0,0
Oitavas de final,2016-04-27,,2016,Racing Club,Atlético Mineiro,ar,br,0,0,0
Oitavas de final,2016-04-26,,2016,Dep Táchira,UNAM,ve,mx,1,1,0
Oitavas de final,2016-04-28,,2016,Independiente,River Plate,ec,ar,1,2,0
Oitavas de final,2016-04-27,,2016,Grêmio,Rosario Cent,br,ar,-1,0,1
Oitavas de final,2016-04-27,,2016,Nacional,Corinthians,uy,br,0,0,0
Oitavas de final,2016-04-28,,2016,Cerro Porteño,Boca Juniors,py,ar,-1,1,2
Oitavas de final,2016-04-28,,2016,São Paulo,Toluca,br,mx,1,4,0
Oitavas de final,2016-05-04,,2016,Toluca,São Paulo,mx,br,1,3,1
Oitavas de final,2016-05-04,,2016,River Plate,Independiente,ar,ec,1,1,0
Oitavas de final,2016-05-03,,2016,Nacional,CA Huracán,co,ar,1,4,2
Oitavas de final,2016-05-03,,2016,UNAM,Dep Táchira,mx,ve,1,2,0
Oitavas de final,2016-05-05,,2016,Rosario Cent,Grêmio,ar,br,1,3,0
Oitavas de final,2016-05-04,,2016,Corinthians,Nacional,br,uy,0,2,2
Oitavas de final,2016-05-04,,2016,Atlético Mineiro,Racing Club,br,ar,1,2,1
Oitavas de final,2016-05-05,,2016,Boca Juniors,Cerro Porteño,ar,py,1,3,1
Quartas de final,2016-05-12,,2016,Nacional,Boca Juniors,uy,ar,0,1,1
Quartas de final,2016-05-11,,2016,São Paulo,Atlético Mineiro,br,br,1,1,0
Quartas de final,2016-05-12,,2016,Rosario Cent,Nacional,ar,co,1,1,0
Quartas de final,2016-05-17,,2016,Independiente,UNAM,ec,mx,1,2,1
Quartas de final,2016-05-19,,2016,Boca Juniors,Nacional,ar,uy,1,1,1
Quartas de final,2016-05-18,,2016,Atlético Mineiro,São Paulo,br,br,1,2,1
Quartas de final,2016-05-19,,2016,Nacional,Rosario Cent,co,ar,1,3,1
Quartas de final,2016-05-24,,2016,UNAM,Independiente,mx,ec,-1,2,1
Semifinais,2016-07-06,,2016,São Paulo,Nacional,br,co,-1,0,2
Semifinais,2016-07-07,,2016,Independiente,Boca Juniors,ec,ar,1,2,1
Semifinais,2016-07-13,,2016,Nacional,São Paulo,co,br,1,2,1
Semifinais,2016-07-14,,2016,Boca Juniors,Independiente,ar,ec,-1,2,3
Final,2016-07-27,,2016,Nacional,Independiente,co,ec,1,2,1
Fase de Grupos,2017-03-07,1,2017,Iquique,Guaraní,cl,py,-1,0,1
Fase de Grupos,2017-03-07,1,2017,Wilstermann,Peñarol,bo,uy,1,6,2
Fase de Grupos,2017-03-08,1,2017,Sport Boys,Libertad,bo,py,0,3,3
Fase de Grupos,2017-03-08,1,2017,Godoy Cruz,Atlético Mineiro,ar,br,0,1,1
Fase de Grupos,2017-03-07,1,2017,Zulia,Chapecoense,ve,br,-1,1,2
Fase de Grupos,2017-03-07,1,2017,Atl Paranaense,Univ Católica,br,cl,0,2,2
Fase de Grupos,2017-03-09,1,2017,Zamora,Grêmio,ve,br,-1,0,2
Fase de Grupos,2017-03-08,1,2017,Tucumán,Palmeiras,ar,br,0,1,1
Fase de Grupos,2017-03-08,1,2017,Flamengo,San Lorenzo,br,ar,1,4,0
Fase de Grupos,2017-03-09,1,2017,Sporting Cristal,Santos,pe,br,0,1,1
Fase de Grupos,2017-03-09,1,2017,The Strongest,Santa Fe,bo,co,1,2,0
Fase de Grupos,2017-03-09,1,2017,Lanús,Nacional,ar,uy,-1,0,1
Fase de Grupos,2017-03-14,1,2017,Melgar,CS Emelec,pe,ec,1,1,0
Fase de Grupos,2017-03-15,2,2017,San Lorenzo,Atl Paranaense,ar,br,-1,0,1
Fase de Grupos,2017-03-15,2,2017,Nacional,Zulia,uy,ve,-1,0,1
Fase de Grupos,2017-03-14,1,2017,Barcelona SC,Nacional,ec,co,1,2,1
Fase de Grupos,2017-03-14,1,2017,Botafogo (RJ),Estudiantes,br,ar,1,2,1
Fase de Grupos,2017-03-15,1,2017,Independiente,River Plate,co,ar,-1,1,3
Fase de Grupos,2017-03-16,2,2017,Chapecoense,Lanús,br,ar,-1,1,3
Fase de Grupos,2017-03-15,2,2017,Univ Católica,Flamengo,cl,br,1,1,0
Fase de Grupos,2017-03-15,2,2017,Palmeiras,Wilstermann,br,bo,1,1,0
Fase de Grupos,2017-03-16,2,2017,Santa Fe,Sporting Cristal,co,pe,1,3,0
Fase de Grupos,2017-03-16,2,2017,Peñarol,Tucumán,uy,ar,1,2,1
Fase de Grupos,2017-03-16,2,2017,Santos,The Strongest,br,bo,1,2,0
Fase de Grupos,2017-04-11,2,2017,Libertad,Godoy Cruz,py,ar,-1,1,2
Fase de Grupos,2017-04-11,3,2017,Wilstermann,Tucumán,bo,ar,1,2,1
Fase de Grupos,2017-04-12,2,2017,Guaraní,Zamora,py,ve,1,3,1
Fase de Grupos,2017-04-11,2,2017,Estudiantes,Barcelona SC,ar,ec,-1,0,2
Fase de Grupos,2017-04-11,2,2017,Grêmio,Iquique,br,cl,1,3,2
Fase de Grupos,2017-04-13,2,2017,CS Emelec,Independiente,ec,co,1,1,0
Fase de Grupos,2017-04-13,2,2017,Atlético Mineiro,Sport Boys,br,bo,1,5,2
Fase de Grupos,2017-04-12,3,2017,Univ Católica,San Lorenzo,cl,ar,0,1,1
Fase de Grupos,2017-04-12,3,2017,Palmeiras,Peñarol,br,uy,1,3,2
Fase de Grupos,2017-04-12,3,2017,Flamengo,Atl Paranaense,br,br,1,2,1
Fase de Grupos,2017-04-13,2,2017,Nacional,Botafogo (RJ),co,br,-1,0,2
Fase de Grupos,2017-04-13,2,2017,River Plate,Melgar,ar,pe,1,4,2
Fase de Grupos,2017-04-19,3,2017,Estudiantes,Nacional,ar,co,1,1,0
Fase de Grupos,2017-04-18,3,2017,Sporting Cristal,The Strongest,pe,bo,0,0,0
Fase de Grupos,2017-04-18,3,2017,Lanús,Zulia,ar,ve,1,5,0
Fase de Grupos,2017-04-18,3,2017,Chapecoense,Nacional,br,uy,0,1,1
Fase de Grupos,2017-04-20,3,2017,Guaraní,Grêmio,py,br,0,1,1
Fase de Grupos,2017-04-20,3,2017,Godoy Cruz,Sport Boys,ar,bo,1,2,0
Fase de Grupos,2017-04-19,3,2017,Santa Fe,Santos,co,br,0,0,0
Fase de Grupos,2017-04-19,3,2017,Zamora,Iquique,ve,cl,-1,1,4
Fase de Grupos,2017-04-19,3,2017,Libertad,Atlético Mineiro,py,br,1,1,0
Fase de Grupos,2017-04-20,3,2017,Independiente,Melgar,co,pe,1,2,0
Fase de Grupos,2017-04-20,3,2017,Barcelona SC,Botafogo (RJ),ec,br,0,1,1
Fase de Grupos,2017-04-25,4,2017,Iquique,Zamora,cl,ve,1,4,3
Fase de Grupos,2017-04-25,4,2017,Tucumán,Wilstermann,ar,bo,1,2,1
Fase de Grupos,2017-04-26,4,2017,Atlético Mineiro,Libertad,br,py,1,2,0
Fase de Grupos,2017-04-25,4,2017,San Lorenzo,Univ Católica,ar,cl,1,2,1
Fase de Grupos,2017-04-27,4,2017,Zulia,Lanús,ve,ar,0,1,1
Fase de Grupos,2017-04-26,4,2017,Melgar,Independiente,pe,co,-1,1,2
Fase de Grupos,2017-04-27,4,2017,Nacional,Chapecoense,uy,br,1,3,0
Fase de Grupos,2017-04-26,4,2017,Peñarol,Palmeiras,uy,br,-1,2,3
Fase de Grupos,2017-04-26,4,2017,Atl Paranaense,Flamengo,br,br,1,2,1
Fase de Grupos,2017-04-27,3,2017,CS Emelec,River Plate,ec,ar,-1,1,2
Fase de Grupos,2017-04-27,4,2017,Sport Boys,Godoy Cruz,bo,ar,-1,1,3
Fase de Grupos,2017-04-27,4,2017,Grêmio,Guaraní,br,py,1,4,1
Fase de Grupos,2017-05-02,5,2017,Tucumán,Peñarol,ar,uy,1,2,1
Fase de Grupos,2017-05-03,5,2017,Sport Boys,Atlético Mineiro,bo,br,-1,1,5
Fase de Grupos,2017-05-02,4,2017,Nacional,Estudiantes,co,ar,1,4,1
Fase de Grupos,2017-05-03,5,2017,Iquique,Grêmio,cl,br,1,2,1
Fase de Grupos,2017-05-02,4,2017,Botafogo (RJ),Barcelona SC,br,ec,-1,0,2
Fase de Grupos,2017-05-04,4,2017,The Strongest,Sporting Cristal,bo,pe,1,5,1
Fase de Grupos,2017-05-03,5,2017,Wilstermann,Palmeiras,bo,br,1,3,2
Fase de Grupos,2017-05-03,5,2017,Atl Paranaense,San Lorenzo,br,ar,-1,0,3
Fase de Grupos,2017-05-03,5,2017,Flamengo,Univ Católica,br,cl,1,3,1
Fase de Grupos,2017-05-04,5,2017,Zamora,Guaraní,ve,py,-1,1,3
Fase de Grupos,2017-05-04,5,2017,Godoy Cruz,Libertad,ar,py,0,1,1
Fase de Grupos,2017-05-04,4,2017,Santos,Santa Fe,br,co,1,3,2
Fase de Grupos,2017-05-10,4,2017,River Plate,CS Emelec,ar,ec,0,1,1
Fase de Grupos,2017-05-16,5,2017,Zulia,Nacional,ve,uy,0,0,0
Fase de Grupos,2017-05-17,5,2017,Sporting Cristal,Santa Fe,pe,co,-1,0,2
Fase de Grupos,2017-05-17,5,2017,The Strongest,Santos,bo,br,0,1,1
Fase de Grupos,2017-05-16,6,2017,Libertad,Sport Boys,py,bo,0,1,1
Fase de Grupos,2017-05-16,6,2017,Atlético Mineiro,Godoy Cruz,br,ar,1,4,1
Fase de Grupos,2017-05-16,5,2017,Independiente,CS Emelec,co,ec,-1,1,2
Fase de Grupos,2017-05-18,5,2017,Barcelona SC,Estudiantes,ec,ar,-1,0,3
Fase de Grupos,2017-05-17,6,2017,Univ Católica,Atl Paranaense,cl,br,-1,2,3
Fase de Grupos,2017-05-17,5,2017,Lanús,Chapecoense,ar,br,1,3,0
Fase de Grupos,2017-05-17,6,2017,San Lorenzo,Flamengo,ar,br,1,2,1
Fase de Grupos,2017-05-18,5,2017,Melgar,River Plate,pe,ar,-1,2,3
Fase de Grupos,2017-05-18,5,2017,Botafogo (RJ),Nacional,br,co,1,1,0
Fase de Grupos,2017-05-23,6,2017,Nacional,Lanús,uy,ar,-1,0,1
Fase de Grupos,2017-05-23,6,2017,Chapecoense,Zulia,br,ve,1,2,1
Fase de Grupos,2017-05-23,6,2017,Santa Fe,The Strongest,co,bo,0,1,1
Fase de Grupos,2017-05-23,6,2017,Santos,Sporting Cristal,br,pe,1,4,0
Fase de Grupos,2017-05-25,6,2017,CS Emelec,Melgar,ec,pe,1,3,0
Fase de Grupos,2017-05-25,6,2017,River Plate,Independiente,ar,co,-1,1,2
Fase de Grupos,2017-05-24,6,2017,Palmeiras,Tucumán,br,ar,1,3,1
Fase de Grupos,2017-05-24,6,2017,Peñarol,Wilstermann,uy,bo,1,2,0
Fase de Grupos,2017-05-25,6,2017,Nacional,Barcelona SC,co,ec,1,3,1
Fase de Grupos,2017-05-25,6,2017,Guaraní,Iquique,py,cl,0,0,0
Fase de Grupos,2017-05-25,6,2017,Estudiantes,Botafogo (RJ),ar,br,1,1,0
Fase de Grupos,2017-05-25,6,2017,Grêmio,Zamora,br,ve,1,4,0
Oitavas de final,2017-07-04,,2017,Godoy Cruz,Grêmio,ar,br,-1,0,1
Oitavas de final,2017-07-05,,2017,Atl Paranaense,Santos,br,br,-1,2,3
Oitavas de final,2017-07-04,,2017,Guaraní,River Plate,py,ar,-1,0,2
Oitavas de final,2017-07-06,,2017,The Strongest,Lanús,bo,ar,0,1,1
Oitavas de final,2017-07-05,,2017,Barcelona SC,Palmeiras,ec,br,1,1,0
Oitavas de final,2017-07-05,,2017,Wilstermann,Atlético Mineiro,bo,br,1,1,0
Oitavas de final,2017-07-06,,2017,CS Emelec,San Lorenzo,ec,ar,-1,0,1
Oitavas de final,2017-07-06,,2017,Nacional,Botafogo (RJ),uy,br,-1,0,1
Oitavas de final,2017-08-08,,2017,Lanús,The Strongest,ar,bo,1,1,0
Oitavas de final,2017-08-09,,2017,Grêmio,Godoy Cruz,br,ar,1,2,1
Oitavas de final,2017-08-08,,2017,River Plate,Guaraní,ar,py,0,1,1
Oitavas de final,2017-08-10,,2017,Botafogo (RJ),Nacional,br,uy,1,2,0
Oitavas de final,2017-08-09,,2017,Atlético Mineiro,Wilstermann,br,bo,0,0,0
Oitavas de final,2017-08-09,,2017,Palmeiras,Barcelona SC,br,ec,-1,1,0
Oitavas de final,2017-08-10,,2017,San Lorenzo,CS Emelec,ar,ec,1,0,1
Oitavas de final,2017-08-10,,2017,Santos,Atl Paranaense,br,br,1,1,0
Quartas de final,2017-09-13,,2017,San Lorenzo,Lanús,ar,ar,1,2,0
Quartas de final,2017-09-13,,2017,Barcelona SC,Santos,ec,br,0,1,1
Quartas de final,2017-09-13,,2017,Botafogo (RJ),Grêmio,br,br,0,0,0
Quartas de final,2017-09-14,,2017,Wilstermann,River Plate,bo,ar,1,3,0
Quartas de final,2017-09-21,,2017,River Plate,Wilstermann,ar,bo,1,8,0
Quartas de final,2017-09-20,,2017,Santos,Barcelona SC,br,ec,-1,0,1
Quartas de final,2017-09-20,,2017,Grêmio,Botafogo (RJ),br,br,1,1,0
Quartas de final,2017-09-21,,2017,Lanús,San Lorenzo,ar,ar,1,2,0
Semifinais,2017-10-24,,2017,River Plate,Lanús,ar,ar,1,1,0
Semifinais,2017-10-25,,2017,Barcelona SC,Grêmio,ec,br,-1,0,3
Semifinais,2017-10-31,,2017,Lanús,River Plate,ar,ar,1,4,2
Semifinais,2017-11-01,,2017,Grêmio,Barcelona SC,br,ec,-1,0,1
Final,2017-11-29,,2017,Lanús,Grêmio,ar,br,-1,1,3
Fase de Grupos,2018-02-27,1,2018,Monagas,Cerro Porteño,ve,py,-1,0,2
Fase de Grupos,2018-02-27,1,2018,Defensor,Grêmio,uy,br,0,1,1
Fase de Grupos,2018-02-28,1,2018,Nacional,Estudiantes,uy,ar,0,0,0
Fase de Grupos,2018-02-27,1,2018,Racing Club,Cruzeiro,ar,br,1,4,2
Fase de Grupos,2018-02-27,1,2018,Colo-Colo,Nacional,cl,co,-1,0,1
Fase de Grupos,2018-03-01,1,2018,Santa Fe,CS Emelec,co,ec,0,1,1
Fase de Grupos,2018-03-01,1,2018,Real Garcilaso,Santos,pe,br,1,2,0
Fase de Grupos,2018-03-01,1,2018,Deportivo Lara,Independiente,ve,ar,1,1,0
Fase de Grupos,2018-02-28,1,2018,Millonarios,Corinthians,co,br,0,0,0
Fase de Grupos,2018-02-28,1,2018,Delfín SC,Bolívar,ec,bo,0,1,1
Fase de Grupos,2018-02-28,1,2018,Flamengo,River Plate,br,ar,0,2,2
Fase de Grupos,2018-03-01,1,2018,Alianza Lima,Boca Juniors,pe,ar,0,0,0
Fase de Grupos,2018-03-01,1,2018,Junior,Palmeiras,co,br,-1,0,3
Fase de Grupos,2018-03-13,1,2018,Tucumán,Libertad,ar,py,-1,0,2
Fase de Grupos,2018-03-14,2,2018,Bolívar,Colo-Colo,bo,cl,0,1,1
Fase de Grupos,2018-03-14,2,2018,Estudiantes,Real Garcilaso,ar,pe,1,3,0
Fase de Grupos,2018-03-13,1,2018,Vasco da Gama,Univ Chile,br,cl,-1,0,1
Fase de Grupos,2018-03-13,2,2018,Cerro Porteño,Defensor,py,uy,1,2,1
Fase de Grupos,2018-03-15,1,2018,The Strongest,Peñarol,bo,uy,1,1,0
Fase de Grupos,2018-03-15,2,2018,Santos,Nacional,br,uy,1,3,1
Fase de Grupos,2018-03-14,2,2018,CS Emelec,Flamengo,ec,br,-1,1,2
Fase de Grupos,2018-03-14,2,2018,Nacional,Delfín SC,co,ec,1,4,0
Fase de Grupos,2018-03-14,2,2018,Corinthians,Deportivo Lara,br,ve,1,2,0
Fase de Grupos,2018-03-15,2,2018,Independiente,Millonarios,ar,co,1,1,0
Fase de Grupos,2018-04-03,3,2018,Real Garcilaso,Nacional,pe,uy,0,0,0
Fase de Grupos,2018-04-03,2,2018,Libertad,The Strongest,py,bo,1,3,0
Fase de Grupos,2018-04-04,2,2018,Grêmio,Monagas,br,ve,1,4,0
Fase de Grupos,2018-04-04,2,2018,Peñarol,Tucumán,uy,ar,1,3,1
Fase de Grupos,2018-04-03,2,2018,Univ Chile,Racing Club,cl,ar,0,1,1
Fase de Grupos,2018-04-03,2,2018,Palmeiras,Alianza Lima,br,pe,1,2,0
Fase de Grupos,2018-04-05,2,2018,River Plate,Santa Fe,ar,co,0,0,0
Fase de Grupos,2018-04-05,3,2018,Colo-Colo,Delfín SC,cl,ec,-1,0,2
Fase de Grupos,2018-04-04,2,2018,Cruzeiro,Vasco da Gama,br,br,0,0,0
Fase de Grupos,2018-04-04,2,2018,Boca Juniors,Junior,ar,co,1,1,0
Fase de Grupos,2018-04-05,3,2018,Bolívar,Nacional,bo,co,1,1,0
Fase de Grupos,2018-04-05,3,2018,Estudiantes,Santos,ar,br,-1,0,1
Fase de Grupos,2018-04-11,3,2018,Palmeiras,Boca Juniors,br,ar,0,1,1
Fase de Grupos,2018-04-17,3,2018,Defensor,Monagas,uy,ve,1,3,1
Fase de Grupos,2018-04-18,3,2018,The Strongest,Tucumán,bo,ar,-1,1,2
Fase de Grupos,2018-04-17,3,2018,Millonarios,Deportivo Lara,co,ve,1,4,0
Fase de Grupos,2018-04-17,3,2018,Cerro Porteño,Grêmio,py,br,0,0,0
Fase de Grupos,2018-04-19,3,2018,Racing Club,Vasco da Gama,ar,br,1,4,0
Fase de Grupos,2018-04-18,3,2018,Libertad,Peñarol,py,uy,1,2,1
Fase de Grupos,2018-04-18,3,2018,Flamengo,Santa Fe,br,co,0,1,1
Fase de Grupos,2018-04-18,3,2018,Independiente,Corinthians,ar,br,-1,0,1
Fase de Grupos,2018-04-19,3,2018,CS Emelec,River Plate,ec,ar,-1,0,1
Fase de Grupos,2018-04-19,3,2018,Alianza Lima,Junior,pe,co,-1,0,2
Fase de Grupos,2018-04-19,3,2018,Univ Chile,Cruzeiro,cl,br,0,0,0
Fase de Grupos,2018-04-24,4,2018,Deportivo Lara,Millonarios,ve,co,1,2,1
Fase de Grupos,2018-04-25,4,2018,Tucumán,The Strongest,ar,bo,1,3,0
Fase de Grupos,2018-04-25,4,2018,Nacional,Real Garcilaso,uy,pe,1,4,0
Fase de Grupos,2018-04-24,4,2018,Nacional,Bolívar,co,bo,1,4,1
Fase de Grupos,2018-04-24,4,2018,Santos,Estudiantes,br,ar,1,2,0
Fase de Grupos,2018-04-26,4,2018,Cruzeiro,Univ Chile,br,cl,1,7,0
Fase de Grupos,2018-04-26,4,2018,River Plate,CS Emelec,ar,ec,1,2,1
Fase de Grupos,2018-04-25,4,2018,Santa Fe,Flamengo,co,br,0,0,0
Fase de Grupos,2018-04-25,4,2018,Monagas,Defensor,ve,uy,1,1,0
Fase de Grupos,2018-04-25,4,2018,Boca Juniors,Palmeiras,ar,br,-1,0,2
Fase de Grupos,2018-04-26,4,2018,Junior,Alianza Lima,co,pe,1,1,0
Fase de Grupos,2018-04-26,4,2018,Vasco da Gama,Racing Club,br,ar,0,1,1
Fase de Grupos,2018-04-26,4,2018,Peñarol,Libertad,uy,py,1,2,0
Fase de Grupos,2018-05-01,5,2018,Real Garcilaso,Estudiantes,pe,ar,0,0,0
Fase de Grupos,2018-05-01,4,2018,Grêmio,Cerro Porteño,br,py,1,5,0
Fase de Grupos,2018-05-02,5,2018,Junior,Boca Juniors,co,ar,0,1,1
Fase de Grupos,2018-05-02,5,2018,Tucumán,Peñarol,ar,uy,1,1,0
Fase de Grupos,2018-05-01,5,2018,Nacional,Santos,uy,br,1,1,0
Fase de Grupos,2018-05-03,5,2018,Racing Club,Univ Chile,ar,cl,1,1,0
Fase de Grupos,2018-05-02,4,2018,Delfín SC,Colo-Colo,ec,cl,-1,1,2
Fase de Grupos,2018-05-02,4,2018,Corinthians,Independiente,br,ar,-1,1,2
Fase de Grupos,2018-05-02,5,2018,Vasco da Gama,Cruzeiro,br,br,-1,0,4
Fase de Grupos,2018-05-03,5,2018,Alianza Lima,Palmeiras,pe,br,-1,1,3
Fase de Grupos,2018-05-03,5,2018,Santa Fe,River Plate,co,ar,-1,0,1
Fase de Grupos,2018-05-03,5,2018,The Strongest,Libertad,bo,py,-1,1,3
Fase de Grupos,2018-05-15,5,2018,Delfín SC,Nacional,ec,co,1,1,0
Fase de Grupos,2018-05-15,5,2018,Defensor,Cerro Porteño,uy,py,-1,0,1
Fase de Grupos,2018-05-15,5,2018,Monagas,Grêmio,ve,br,-1,1,2
Fase de Grupos,2018-05-15,5,2018,Colo-Colo,Bolívar,cl,bo,1,2,0
Fase de Grupos,2018-05-17,6,2018,Libertad,Tucumán,py,ar,0,0,0
Fase de Grupos,2018-05-17,6,2018,Peñarol,The Strongest,uy,bo,1,2,0
Fase de Grupos,2018-05-16,5,2018,Flamengo,CS Emelec,br,ec,1,2,0
Fase de Grupos,2018-05-16,6,2018,Boca Juniors,Alianza Lima,ar,pe,1,5,0
Fase de Grupos,2018-05-16,6,2018,Palmeiras,Junior,br,co,1,3,1
Fase de Grupos,2018-05-17,5,2018,Millonarios,Independiente,co,ar,0,1,1
Fase de Grupos,2018-05-17,5,2018,Deportivo Lara,Corinthians,ve,br,-1,2,7
Fase de Grupos,2018-05-23,6,2018,Cerro Porteño,Monagas,py,ve,1,3,2
Fase de Grupos,2018-05-23,6,2018,Grêmio,Defensor,br,uy,1,1,0
Fase de Grupos,2018-05-22,6,2018,Univ Chile,Vasco da Gama,cl,br,-1,0,2
Fase de Grupos,2018-05-22,6,2018,Cruzeiro,Racing Club,br,ar,1,2,1
Fase de Grupos,2018-05-24,6,2018,Estudiantes,Nacional,ar,uy,1,3,1
Fase de Grupos,2018-05-24,6,2018,Santos,Real Garcilaso,br,pe,0,0,0
Fase de Grupos,2018-05-23,6,2018,CS Emelec,Santa Fe,ec,co,-1,0,3
Fase de Grupos,2018-05-23,6,2018,River Plate,Flamengo,ar,br,0,0,0
Fase de Grupos,2018-05-24,6,2018,Nacional,Colo-Colo,co,cl,0,0,0
Fase de Grupos,2018-05-24,6,2018,Bolívar,Delfín SC,bo,ec,1,2,1
Fase de Grupos,2018-05-24,6,2018,Independiente,Deportivo Lara,ar,ve,1,2,0
Fase de Grupos,2018-05-24,6,2018,Corinthians,Millonarios,br,co,-1,0,1
Oitavas de final,2018-08-08,,2018,Boca Juniors,Libertad,ar,py,1,2,0
Oitavas de final,2018-08-07,,2018,Estudiantes,Grêmio,ar,br,1,2,1
Oitavas de final,2018-08-09,,2018,Racing Club,River Plate,ar,ar,0,0,0
Oitavas de final,2018-08-08,,2018,Colo-Colo,Corinthians,cl,br,1,1,0
Oitavas de final,2018-08-08,,2018,Flamengo,Cruzeiro,br,br,-1,0,2
Oitavas de final,2018-08-09,,2018,Cerro Porteño,Palmeiras,py,br,-1,0,2
Oitavas de final,2018-08-09,,2018,Tucumán,Nacional,ar,co,1,2,0
Oitavas de final,2018-08-21,,2018,Independiente,Santos,ar,br,1,3,0
Oitavas de final,2018-08-28,,2018,Santos,Independiente,br,ar,0,0,0
Oitavas de final,2018-08-29,,2018,River Plate,Racing Club,ar,ar,1,3,0
Oitavas de final,2018-08-28,,2018,Nacional,Tucumán,co,ar,1,1,0
Oitavas de final,2018-08-28,,2018,Grêmio,Estudiantes,br,ar,1,2,1
Oitavas de final,2018-08-30,,2018,Libertad,Boca Juniors,py,ar,-1,2,4
Oitavas de final,2018-08-29,,2018,Corinthians,Colo-Colo,br,cl,1,2,1
Oitavas de final,2018-08-29,,2018,Cruzeiro,Flamengo,br,br,-1,0,1
Oitavas de final,2018-08-30,,2018,Palmeiras,Cerro Porteño,br,py,-1,0,1
Quartas de final,2018-09-19,,2018,Independiente,River Plate,ar,ar,0,0,0
Quartas de final,2018-09-18,,2018,Tucumán,Grêmio,ar,br,-1,0,2
Quartas de final,2018-09-19,,2018,Boca Juniors,Cruzeiro,ar,br,1,2,0
Quartas de final,2018-09-20,,2018,Colo-Colo,Palmeiras,cl,br,-1,0,2
Quartas de final,2018-10-02,,2018,River Plate,Independiente,ar,ar,1,3,1
Quartas de final,2018-10-02,,2018,Grêmio,Tucumán,br,ar,1,4,0
Quartas de final,2018-10-03,,2018,Palmeiras,Colo-Colo,br,cl,1,2,0
Quartas de final,2018-10-04,,2018,Cruzeiro,Boca Juniors,br,ar,0,1,1
Semifinais,2018-10-23,,2018,River Plate,Grêmio,ar,br,-1,0,1
Semifinais,2018-10-24,,2018,Boca Juniors,Palmeiras,ar,br,1,2,0
Semifinais,2018-10-30,,2018,Grêmio,River Plate,br,ar,-1,1,2
Semifinais,2018-10-31,,2018,Palmeiras,Boca Juniors,br,ar,0,2,2
Final,2018-12-09,,2018,River Plate,Boca Juniors,ar,ar,1,5,3
Fase de Grupos,2019-03-05,1,2019,Melgar,San Lorenzo,pe,ar,0,0,0
Fase de Grupos,2019-03-05,1,2019,San José,Flamengo,bo,br,-1,0,1
Fase de Grupos,2019-03-05,1,2019,Godoy Cruz,Olimpia,ar,py,0,0,0
Fase de Grupos,2019-03-06,1,2019,Palestino,Internacional,cl,br,-1,0,1
Fase de Grupos,2019-03-06,1,2019,Atlético Mineiro,Cerro Porteño,br,py,-1,0,1
Fase de Grupos,2019-03-06,1,2019,U Concepción,Sporting Cristal,cl,pe,1,5,4
Fase de Grupos,2019-03-05,1,2019,Tolima,Atl Paranaense,co,br,1,1,0
Fase de Grupos,2019-03-05,1,2019,Wilstermann,Boca Juniors,bo,ar,0,0,0
Fase de Grupos,2019-03-05,1,2019,Libertad,Univ Católica,py,cl,1,4,1
Fase de Grupos,2019-03-07,1,2019,CA Huracán,Cruzeiro,ar,br,-1,0,1
Fase de Grupos,2019-03-06,1,2019,Junior,Palmeiras,co,br,-1,0,2
Fase de Grupos,2019-03-06,1,2019,Alianza Lima,River Plate,pe,ar,0,1,1
Fase de Grupos,2019-03-06,1,2019,Zamora,Nacional,ve,uy,-1,0,1
Fase de Grupos,2019-03-06,1,2019,Rosario Cent,Grêmio,ar,br,0,1,1
Fase de Grupos,2019-03-08,1,2019,Deportivo Lara,CS Emelec,ve,ec,0,0,0
Fase de Grupos,2019-03-07,1,2019,LDU de Quito,Peñarol,ec,uy,1,2,0
Fase de Grupos,2019-03-12,2,2019,Palmeiras,Melgar,br,pe,1,3,0
Fase de Grupos,2019-03-12,2,2019,Olimpia,U Concepción,py,cl,0,1,1
Fase de Grupos,2019-03-12,2,2019,Boca Juniors,Tolima,ar,co,1,3,0
Fase de Grupos,2019-03-13,2,2019,San Lorenzo,Junior,ar,co,1,1,0
Fase de Grupos,2019-03-13,2,2019,Cerro Porteño,Zamora,py,ve,1,2,1
Fase de Grupos,2019-03-12,2,2019,Sporting Cristal,Godoy Cruz,pe,ar,0,1,1
Fase de Grupos,2019-03-12,2,2019,Nacional,Atlético Mineiro,uy,br,1,1,0
Fase de Grupos,2019-03-12,2,2019,Grêmio,Libertad,br,py,-1,0,1
Fase de Grupos,2019-03-14,2,2019,Peñarol,San José,uy,bo,1,4,0
Fase de Grupos,2019-03-13,2,2019,Internacional,Alianza Lima,br,pe,1,2,0
Fase de Grupos,2019-03-13,2,2019,Flamengo,LDU de Quito,br,ec,1,3,1
Fase de Grupos,2019-03-13,2,2019,Univ Católica,Rosario Cent,cl,ar,1,2,1
Fase de Grupos,2019-03-13,2,2019,River Plate,Palestino,ar,cl,0,0,0
Fase de Grupos,2019-03-14,2,2019,Atl Paranaense,Wilstermann,br,bo,1,4,0
Fase de Grupos,2019-03-14,2,2019,CS Emelec,CA Huracán,ec,ar,0,0,0
Fase de Grupos,2019-03-27,2,2019,Cruzeiro,Deportivo Lara,br,ve,1,2,0
Fase de Grupos,2019-04-02,3,2019,San José,LDU de Quito,bo,ec,0,3,3
Fase de Grupos,2019-04-02,3,2019,Cerro Porteño,Nacional,py,uy,1,1,0
Fase de Grupos,2019-04-02,3,2019,San Lorenzo,Palmeiras,ar,br,1,1,0
Fase de Grupos,2019-04-03,3,2019,Internacional,River Plate,br,ar,0,2,2
Fase de Grupos,2019-04-03,3,2019,Atlético Mineiro,Zamora,br,ve,1,3,2
Fase de Grupos,2019-04-03,3,2019,U Concepción,Godoy Cruz,cl,ar,0,0,0
Fase de Grupos,2019-04-02,3,2019,Melgar,Junior,pe,co,1,1,0
Fase de Grupos,2019-04-02,3,2019,Palestino,Alianza Lima,cl,pe,1,3,0
Fase de Grupos,2019-04-02,3,2019,Atl Paranaense,Boca Juniors,br,ar,1,3,0
Fase de Grupos,2019-04-04,3,2019,Univ Católica,Grêmio,cl,br,1,1,0
Fase de Grupos,2019-04-03,3,2019,Tolima,Wilstermann,co,bo,0,2,2
Fase de Grupos,2019-04-03,3,2019,CS Emelec,Cruzeiro,ec,br,-1,0,1
Fase de Grupos,2019-04-03,3,2019,Deportivo Lara,CA Huracán,ve,ar,1,2,1
Fase de Grupos,2019-04-03,3,2019,Flamengo,Peñarol,br,uy,-1,0,1
Fase de Grupos,2019-04-04,3,2019,Libertad,Rosario Cent,py,ar,1,2,0
Fase de Grupos,2019-04-04,3,2019,Sporting Cristal,Olimpia,pe,py,-1,0,3
Fase de Grupos,2019-04-09,4,2019,Olimpia,Godoy Cruz,py,ar,1,2,1
Fase de Grupos,2019-04-09,4,2019,Atl Paranaense,Tolima,br,co,1,1,0
Fase de Grupos,2019-04-10,4,2019,Sporting Cristal,U Concepción,pe,cl,1,2,0
Fase de Grupos,2019-04-10,4,2019,Cerro Porteño,Atlético Mineiro,py,br,1,4,1
Fase de Grupos,2019-04-10,4,2019,Nacional,Zamora,uy,ve,1,1,0
Fase de Grupos,2019-04-10,4,2019,Cruzeiro,CA Huracán,br,ar,1,4,0
Fase de Grupos,2019-04-09,4,2019,San Lorenzo,Melgar,ar,pe,1,2,0
Fase de Grupos,2019-04-09,4,2019,Peñarol,LDU de Quito,uy,ec,1,1,0
Fase de Grupos,2019-04-09,4,2019,Internacional,Palestino,br,cl,1,3,2
Fase de Grupos,2019-04-11,4,2019,River Plate,Alianza Lima,ar,pe,1,3,0
Fase de Grupos,2019-04-10,4,2019,Univ Católica,Libertad,cl,py,-1,2,3
Fase de Grupos,2019-04-10,4,2019,Boca Juniors,Wilstermann,ar,bo,1,4,0
Fase de Grupos,2019-04-10,4,2019,Grêmio,Rosario Cent,br,ar,1,3,1
Fase de Grupos,2019-04-10,4,2019,Palmeiras,Junior,br,co,1,3,0
Fase de Grupos,2019-04-11,4,2019,Flamengo,San José,br,bo,1,6,1
Fase de Grupos,2019-04-11,4,2019,CS Emelec,Deportivo Lara,ec,ve,0,2,2
Fase de Grupos,2019-04-23,5,2019,Deportivo Lara,Cruzeiro,ve,br,-1,0,2
Fase de Grupos,2019-04-23,5,2019,Libertad,Grêmio,py,br,-1,0,2
Fase de Grupos,2019-04-23,5,2019,U Concepción,Olimpia,cl,py,0,3,3
Fase de Grupos,2019-04-23,5,2019,CA Huracán,CS Emelec,ar,ec,-1,1,2
Fase de Grupos,2019-04-24,5,2019,Palestino,River Plate,cl,ar,-1,0,2
Fase de Grupos,2019-04-24,5,2019,Rosario Cent,Univ Católica,ar,cl,0,1,1
Fase de Grupos,2019-04-24,5,2019,Wilstermann,Atl Paranaense,bo,br,1,3,2
Fase de Grupos,2019-04-23,5,2019,Godoy Cruz,Sporting Cristal,ar,pe,1,2,0
Fase de Grupos,2019-04-23,5,2019,Atlético Mineiro,Nacional,br,uy,-1,0,1
Fase de Grupos,2019-04-25,5,2019,LDU de Quito,Flamengo,ec,br,1,2,1
Fase de Grupos,2019-04-25,5,2019,Zamora,Cerro Porteño,ve,py,1,2,1
Fase de Grupos,2019-04-24,5,2019,Alianza Lima,Internacional,pe,br,-1,0,1
Fase de Grupos,2019-04-24,5,2019,Tolima,Boca Juniors,co,ar,0,2,2
Fase de Grupos,2019-04-24,5,2019,San José,Peñarol,bo,uy,1,3,1
Fase de Grupos,2019-04-25,5,2019,Junior,San Lorenzo,co,ar,1,1,0
Fase de Grupos,2019-04-25,5,2019,Melgar,Palmeiras,pe,br,-1,0,4
Fase de Grupos,2019-05-07,6,2019,Zamora,Atlético Mineiro,ve,br,-1,1,2
Fase de Grupos,2019-05-07,6,2019,Nacional,Cerro Porteño,uy,py,0,1,1
Fase de Grupos,2019-05-08,6,2019,Grêmio,Univ Católica,br,cl,1,2,0
Fase de Grupos,2019-05-08,6,2019,Cruzeiro,CS Emelec,br,ec,-1,1,2
Fase de Grupos,2019-05-08,6,2019,CA Huracán,Deportivo Lara,ar,ve,1,3,0
Fase de Grupos,2019-05-08,6,2019,Rosario Cent,Libertad,ar,py,1,2,1
Fase de Grupos,2019-05-07,6,2019,Alianza Lima,Palestino,pe,cl,-1,1,2
Fase de Grupos,2019-05-07,6,2019,River Plate,Internacional,ar,br,0,2,2
Fase de Grupos,2019-05-09,6,2019,Olimpia,Sporting Cristal,py,pe,-1,0,1
Fase de Grupos,2019-05-09,6,2019,Godoy Cruz,U Concepción,ar,cl,1,1,0
Fase de Grupos,2019-05-08,6,2019,Junior,Melgar,co,pe,-1,0,1
Fase de Grupos,2019-05-08,6,2019,LDU de Quito,San José,ec,bo,1,4,0
Fase de Grupos,2019-05-08,6,2019,Peñarol,Flamengo,uy,br,0,0,0
Fase de Grupos,2019-05-08,6,2019,Palmeiras,San Lorenzo,br,ar,1,1,0
Fase de Grupos,2019-05-09,6,2019,Wilstermann,Tolima,bo,co,-1,0,2
Fase de Grupos,2019-05-09,6,2019,Boca Juniors,Atl Paranaense,ar,br,1,2,1
Oitavas de final,2019-07-23,,2019,River Plate,Cruzeiro,ar,br,0,0,0
Oitavas de final,2019-07-24,,2019,Nacional,Internacional,uy,br,-1,0,1
Oitavas de final,2019-07-24,,2019,San Lorenzo,Cerro Porteño,ar,py,0,0,0
Oitavas de final,2019-07-23,,2019,LDU de Quito,Olimpia,ec,py,1,3,1
Oitavas de final,2019-07-23,,2019,Godoy Cruz,Palmeiras,ar,br,0,2,2
Oitavas de final,2019-07-24,,2019,CS Emelec,Flamengo,ec,br,1,2,0
Oitavas de final,2019-07-24,,2019,Atl Paranaense,Boca Juniors,br,ar,-1,0,1
Oitavas de final,2019-07-25,,2019,Grêmio,Libertad,br,py,1,2,0
Oitavas de final,2019-07-30,,2019,Cruzeiro,River Plate,br,ar,-1,0,0
Oitavas de final,2019-07-31,,2019,Cerro Porteño,San Lorenzo,py,ar,1,2,1
Oitavas de final,2019-07-31,,2019,Internacional,Nacional,br,uy,1,2,0
Oitavas de final,2019-07-30,,2019,Olimpia,LDU de Quito,py,ec,0,1,1
Oitavas de final,2019-07-30,,2019,Palmeiras,Godoy Cruz,br,ar,1,4,0
Oitavas de final,2019-07-31,,2019,Flamengo,CS Emelec,br,ec,1,2,0
Oitavas de final,2019-07-31,,2019,Boca Juniors,Atl Paranaense,ar,br,1,2,0
Oitavas de final,2019-08-01,,2019,Libertad,Grêmio,py,br,-1,0,3
Quartas de final,2019-08-21,,2019,LDU de Quito,Boca Juniors,ec,ar,-1,0,3
Quartas de final,2019-08-20,,2019,Grêmio,Palmeiras,br,br,-1,0,1
Quartas de final,2019-08-22,,2019,River Plate,Cerro Porteño,ar,py,1,2,0
Quartas de final,2019-08-21,,2019,Flamengo,Internacional,br,br,1,2,0
Quartas de final,2019-08-28,,2019,Boca Juniors,LDU de Quito,ar,ec,0,0,0
Quartas de final,2019-08-27,,2019,Palmeiras,Grêmio,br,br,-1,1,2
Quartas de final,2019-08-29,,2019,Cerro Porteño,River Plate,py,ar,0,1,1
Quartas de final,2019-08-28,,2019,Internacional,Flamengo,br,br,0,1,1
Semifinais,2019-10-01,,2019,River Plate,Boca Juniors,ar,ar,1,2,0
Semifinais,2019-10-02,,2019,Grêmio,Flamengo,br,br,0,1,1
Semifinais,2019-10-22,,2019,Boca Juniors,River Plate,ar,ar,1,1,0
Semifinais,2019-10-23,,2019,Flamengo,Grêmio,br,br,1,5,0
Final,2019-11-23,,2019,Flamengo,River Plate,br,ar,1,2,1
Fase de Grupos,2020-03-03,1,2020,Internacional,Univ Católica,br,cl,1,3,0
Fase de Grupos,2020-03-03,1,2020,Defensa y Just,Santos,ar,br,-1,1,2
Fase de Grupos,2020-03-04,1,2020,Barcelona SC,Independiente,ec,ec,-1,0,3
Fase de Grupos,2020-03-04,1,2020,Wilstermann,Colo-Colo,bo,cl,1,2,0
Fase de Grupos,2020-03-04,1,2020,Tigre,Palmeiras,ar,br,-1,0,2
Fase de Grupos,2020-03-03,1,2020,CD América,Grêmio,co,br,-1,0,2
Fase de Grupos,2020-03-03,1,2020,Independiente,Libertad,co,py,-1,1,2
Fase de Grupos,2020-03-03,1,2020,Caracas,Boca Juniors,ve,ar,0,1,1
Fase de Grupos,2020-03-03,1,2020,Atl Paranaense,Peñarol,br,uy,1,1,0
Fase de Grupos,2020-03-05,1,2020,Estud Mérida,Racing Club,ve,ar,-1,1,2
Fase de Grupos,2020-03-04,1,2020,LDU de Quito,River Plate,ec,ar,1,3,0
Fase de Grupos,2020-03-04,1,2020,Junior,Flamengo,co,br,-1,1,2
Fase de Grupos,2020-03-04,1,2020,Delfín SC,Olimpia,ec,py,0,1,1
Fase de Grupos,2020-03-04,1,2020,Guaraní,Bolívar,py,bo,1,2,0
Fase de Grupos,2020-03-05,1,2020,Binacional,São Paulo,pe,br,1,2,1
Fase de Grupos,2020-03-05,1,2020,Alianza Lima,Nacional,pe,uy,-1,0,1
Fase de Grupos,2020-03-10,2,2020,Bolívar,Tigre,bo,ar,1,2,0
Fase de Grupos,2020-03-10,2,2020,Univ Católica,CD América,cl,co,-1,1,2
Fase de Grupos,2020-03-10,2,2020,Santos,Delfín SC,br,ec,1,1,0
Fase de Grupos,2020-03-11,2,2020,Colo-Colo,Atl Paranaense,cl,br,1,1,0
Fase de Grupos,2020-03-11,2,2020,Peñarol,Wilstermann,uy,bo,1,1,0
Fase de Grupos,2020-03-11,2,2020,River Plate,Binacional,ar,pe,1,8,0
Fase de Grupos,2020-03-10,2,2020,Palmeiras,Guaraní,br,py,1,3,1
Fase de Grupos,2020-03-10,2,2020,Libertad,Caracas,py,ve,1,3,2
Fase de Grupos,2020-03-10,2,2020,Boca Juniors,Independiente,ar,co,1,3,0
Fase de Grupos,2020-03-12,2,2020,Nacional,Estud Mérida,uy,ve,1,1,0
Fase de Grupos,2020-03-11,2,2020,Independiente,Junior,ec,co,1,3,0
Fase de Grupos,2020-03-11,2,2020,Flamengo,Barcelona SC,br,ec,1,3,0
Fase de Grupos,2020-03-11,2,2020,Olimpia,Defensa y Just,py,ar,1,2,1
Fase de Grupos,2020-03-11,2,2020,São Paulo,LDU de Quito,br,ec,1,3,0
Fase de Grupos,2020-03-12,2,2020,Racing Club,Alianza Lima,ar,pe,1,1,0
Fase de Grupos,2020-03-12,2,2020,Grêmio,Internacional,br,br,0,0,0
Fase de Grupos,2020-09-15,3,2020,Wilstermann,Atl Paranaense,bo,br,-1,2,3
Fase de Grupos,2020-09-15,3,2020,Colo-Colo,Peñarol,cl,uy,1,2,1
Fase de Grupos,2020-09-16,3,2020,Estud Mérida,Alianza Lima,ve,pe,1,3,2
Fase de Grupos,2020-09-16,3,2020,Internacional,CD América,br,co,1,4,3
Fase de Grupos,2020-09-15,3,2020,Binacional,LDU de Quito,pe,ec,-1,0,1
Fase de Grupos,2020-09-15,3,2020,Santos,Olimpia,br,py,0,0,0
Fase de Grupos,2020-09-17,3,2020,Racing Club,Nacional,ar,uy,-1,0,1
Fase de Grupos,2020-09-17,3,2020,Defensa y Just,Delfín SC,ar,ec,1,3,0
Fase de Grupos,2020-09-17,3,2020,São Paulo,River Plate,br,ar,0,2,2
Fase de Grupos,2020-09-16,3,2020,Independiente,Caracas,co,ve,-1,2,3
Fase de Grupos,2020-09-16,3,2020,Bolívar,Palmeiras,bo,br,-1,1,2
Fase de Grupos,2020-09-16,3,2020,Univ Católica,Grêmio,cl,br,1,2,0
Fase de Grupos,2020-09-17,3,2020,Independiente,Flamengo,ec,br,1,5,0
Fase de Grupos,2020-09-17,3,2020,Libertad,Boca Juniors,py,ar,-1,0,2
Fase de Grupos,2020-09-17,3,2020,Barcelona SC,Junior,ec,co,-1,1,2
Fase de Grupos,2020-09-17,3,2020,Guaraní,Tigre,py,ar,1,4,1
Fase de Grupos,2020-09-22,4,2020,Barcelona SC,Flamengo,ec,br,-1,1,2
Fase de Grupos,2020-09-22,4,2020,Estud Mérida,Nacional,ve,uy,-1,1,3
Fase de Grupos,2020-09-22,4,2020,Tigre,Bolívar,ar,bo,0,1,1
Fase de Grupos,2020-09-23,4,2020,Caracas,Libertad,ve,py,1,2,1
Fase de Grupos,2020-09-23,4,2020,Defensa y Just,Olimpia,ar,py,1,2,1
Fase de Grupos,2020-09-23,4,2020,Atl Paranaense,Colo-Colo,br,cl,1,2,0
Fase de Grupos,2020-09-22,4,2020,LDU de Quito,São Paulo,ec,br,1,4,2
Fase de Grupos,2020-09-22,4,2020,Binacional,River Plate,pe,ar,-1,0,6
Fase de Grupos,2020-09-22,4,2020,Junior,Independiente,co,ec,1,4,1
Fase de Grupos,2020-09-24,4,2020,Wilstermann,Peñarol,bo,uy,1,3,1
Fase de Grupos,2020-09-23,4,2020,Alianza Lima,Racing Club,pe,ar,-1,0,2
Fase de Grupos,2020-09-23,4,2020,CD América,Univ Católica,co,cl,0,1,1
Fase de Grupos,2020-09-23,4,2020,Guaraní,Palmeiras,py,br,0,0,0
Fase de Grupos,2020-09-23,4,2020,Internacional,Grêmio,br,br,-1,0,1
Fase de Grupos,2020-09-24,4,2020,Independiente,Boca Juniors,co,ar,-1,0,1
Fase de Grupos,2020-09-24,4,2020,Delfín SC,Santos,ec,br,-1,1,2
Fase de Grupos,2020-09-29,5,2020,Grêmio,Univ Católica,br,cl,1,2,0
Fase de Grupos,2020-09-29,5,2020,Peñarol,Colo-Colo,uy,cl,1,3,0
Fase de Grupos,2020-09-30,5,2020,Caracas,Independiente,ve,co,-1,0,2
Fase de Grupos,2020-09-30,5,2020,Palmeiras,Bolívar,br,bo,1,5,0
Fase de Grupos,2020-09-30,5,2020,Nacional,Racing Club,uy,ar,-1,1,2
Fase de Grupos,2020-09-29,5,2020,CD América,Internacional,co,br,0,0,0
Fase de Grupos,2020-09-29,5,2020,LDU de Quito,Binacional,ec,pe,1,4,0
Fase de Grupos,2020-09-29,5,2020,Boca Juniors,Libertad,ar,py,0,0,0
Fase de Grupos,2020-09-29,5,2020,Atl Paranaense,Wilstermann,br,bo,0,0,0
Fase de Grupos,2020-10-01,5,2020,Olimpia,Santos,py,br,-1,2,3
Fase de Grupos,2020-09-30,5,2020,Junior,Barcelona SC,co,ec,-1,0,2
Fase de Grupos,2020-09-30,5,2020,Alianza Lima,Estud Mérida,pe,ve,0,2,2
Fase de Grupos,2020-09-30,5,2020,River Plate,São Paulo,ar,br,1,2,1
Fase de Grupos,2020-09-30,5,2020,Flamengo,Independiente,br,ec,1,4,0
Fase de Grupos,2020-10-01,5,2020,Tigre,Guaraní,ar,py,-1,1,3
Fase de Grupos,2020-10-01,5,2020,Delfín SC,Defensa y Just,ec,ar,1,3,0
Fase de Grupos,2020-10-20,6,2020,Olimpia,Delfín SC,py,ec,-1,0,1
Fase de Grupos,2020-10-20,6,2020,Santos,Defensa y Just,br,ar,1,2,1
Fase de Grupos,2020-10-21,6,2020,Racing Club,Estud Mérida,ar,ve,1,2,1
Fase de Grupos,2020-10-21,6,2020,Nacional,Alianza Lima,uy,pe,1,2,0
Fase de Grupos,2020-10-20,6,2020,São Paulo,Binacional,br,pe,1,5,1
Fase de Grupos,2020-10-20,6,2020,Peñarol,Atl Paranaense,uy,br,1,3,2
Fase de Grupos,2020-10-20,6,2020,River Plate,LDU de Quito,ar,ec,1,3,0
Fase de Grupos,2020-10-20,6,2020,Colo-Colo,Wilstermann,cl,bo,-1,0,1
Fase de Grupos,2020-10-21,6,2020,Independiente,Barcelona SC,ec,ec,1,2,0
Fase de Grupos,2020-10-21,6,2020,Bolívar,Guaraní,bo,py,-1,2,3
Fase de Grupos,2020-10-21,6,2020,Flamengo,Junior,br,co,1,3,1
Fase de Grupos,2020-10-21,6,2020,Palmeiras,Tigre,br,ar,1,5,0
Fase de Grupos,2020-10-22,6,2020,Univ Católica,Internacional,cl,br,1,2,1
Fase de Grupos,2020-10-22,6,2020,Boca Juniors,Caracas,ar,ve,1,3,0
Fase de Grupos,2020-10-22,6,2020,Grêmio,CD América,br,co,0,1,1
Fase de Grupos,2020-10-22,6,2020,Libertad,Independiente,py,co,-1,2,4
Oitavas de final,2020-11-24,,2020,LDU de Quito,Santos,ec,br,-1,1,2
Oitavas de final,2020-11-24,,2020,Atl Paranaense,River Plate,br,ar,0,1,1
Oitavas de final,2020-11-25,,2020,Delfín SC,Palmeiras,ec,br,-1,1,3
Oitavas de final,2020-11-25,,2020,Independiente,Nacional,ec,uy,0,0,0
Oitavas de final,2020-11-24,,2020,Racing Club,Flamengo,ar,br,0,1,1
Oitavas de final,2020-11-25,,2020,Libertad,Wilstermann,py,bo,1,3,1
Oitavas de final,2020-11-26,,2020,Guaraní,Grêmio,py,br,-1,0,2
Oitavas de final,2020-12-01,,2020,River Plate,Atl Paranaense,ar,br,1,1,0
Oitavas de final,2020-12-01,,2020,Santos,LDU de Quito,br,ec,-1,0,1
Oitavas de final,2020-12-02,,2020,Palmeiras,Delfín SC,br,ec,1,5,0
Oitavas de final,2020-12-02,,2020,Nacional,Independiente,uy,ec,1,0,0
Oitavas de final,2020-12-01,,2020,Flamengo,Racing Club,br,ar,-1,1,1
Oitavas de final,2020-12-02,,2020,Wilstermann,Libertad,bo,py,-1,0,2
Oitavas de final,2020-12-02,,2020,Internacional,Boca Juniors,br,ar,-1,0,1
Oitavas de final,2020-12-03,,2020,Grêmio,Guaraní,br,py,1,2,0
Quartas de final,2020-12-09,,2020,Grêmio,Santos,br,br,0,1,1
Quartas de final,2020-12-08,,2020,Libertad,Palmeiras,py,br,0,1,1
Oitavas de final,2020-12-09,,2020,Boca Juniors,Internacional,ar,br,1,0,1
Quartas de final,2020-12-10,,2020,River Plate,Nacional,ar,uy,1,2,0
Quartas de final,2020-12-16,,2020,Santos,Grêmio,br,br,1,4,1
Quartas de final,2020-12-15,,2020,Palmeiras,Libertad,br,py,1,3,0
Quartas de final,2020-12-16,,2020,Racing Club,Boca Juniors,ar,ar,1,1,0
Quartas de final,2020-12-17,,2020,Nacional,River Plate,uy,ar,-1,2,6
Quartas de final,2020-12-23,,2020,Boca Juniors,Racing Club,ar,ar,1,2,0
Semifinais,2021-01-06,,2021,Boca Juniors,Santos,ar,br,0,0,0
Semifinais,2021-01-05,,2021,River Plate,Palmeiras,ar,br,-1,0,3
Semifinais,2021-01-13,,2021,Santos,Boca Juniors,br,ar,1,3,0
Semifinais,2021-01-12,,2021,Palmeiras,River Plate,br,ar,-1,0,2
Final,2021-01-30,,2021,Palmeiras,Santos,br,br,1,1,0
Fase de Grupos,2021-04-20,1,2021,Dep Táchira,Olimpia,ve,py,1,3,2
Fase de Grupos,2021-04-20,1,2021,Always Ready,Internacional,bo,br,1,2,0
Fase de Grupos,2021-04-20,1,2021,Santos,Barcelona SC,br,ec,-1,0,2
Fase de Grupos,2021-04-20,1,2021,Argentinos Jun,Nacional,ar,uy,1,2,0
Fase de Grupos,2021-04-21,1,2021,Dep La Guaira,Atlético Mineiro,ve,br,0,1,1
Fase de Grupos,2021-04-21,1,2021,The Strongest,Boca Juniors,bo,ar,-1,0,1
Fase de Grupos,2021-04-20,1,2021,Sporting Cristal,São Paulo,pe,br,-1,0,3
Fase de Grupos,2021-04-20,1,2021,Vélez Sarsf,Flamengo,ar,br,-1,2,3
Fase de Grupos,2021-04-21,1,2021,Universitario,Palmeiras,pe,br,-1,2,3
Fase de Grupos,2021-04-22,1,2021,Fluminense,River Plate,br,ar,0,1,1
Fase de Grupos,2021-04-21,1,2021,Independiente,Defensa y Just,ec,ar,0,1,1
Fase de Grupos,2021-04-21,1,2021,Rentistas,Racing Club,uy,ar,0,1,1
Fase de Grupos,2021-04-21,1,2021,CD América,Cerro Porteño,co,py,-1,0,2
Fase de Grupos,2021-04-21,1,2021,La Calera,LDU de Quito,cl,ec,0,2,2
Fase de Grupos,2021-04-22,1,2021,Nacional,Univ Católica,co,cl,1,2,0
Fase de Grupos,2021-04-22,1,2021,Junior,Santa Fe,co,co,0,1,1
Fase de Grupos,2021-04-27,2,2021,LDU de Quito,Vélez Sarsf,ec,ar,1,3,1
Fase de Grupos,2021-04-27,2,2021,Atlético Mineiro,CD América,br,co,1,2,1
Fase de Grupos,2021-04-27,2,2021,Flamengo,La Calera,br,cl,1,4,1
Fase de Grupos,2021-04-28,2,2021,Cerro Porteño,Dep La Guaira,py,ve,0,0,0
Fase de Grupos,2021-04-28,2,2021,Nacional,Nacional,uy,co,0,4,4
Fase de Grupos,2021-04-28,2,2021,Defensa y Just,Universitario,ar,pe,1,3,0
Fase de Grupos,2021-04-27,2,2021,Internacional,Dep Táchira,br,ve,1,4,0
Fase de Grupos,2021-04-27,2,2021,Boca Juniors,Santos,ar,br,1,2,0
Fase de Grupos,2021-04-27,2,2021,Palmeiras,Independiente,br,ec,1,5,0
Fase de Grupos,2021-04-29,2,2021,Univ Católica,Argentinos Jun,cl,ar,-1,0,2
Fase de Grupos,2021-04-29,2,2021,Racing Club,Sporting Cristal,ar,pe,1,2,1
Fase de Grupos,2021-04-28,2,2021,Santa Fe,Fluminense,co,br,-1,1,2
Fase de Grupos,2021-04-28,2,2021,River Plate,Junior,ar,co,1,2,1
Fase de Grupos,2021-04-28,2,2021,Barcelona SC,The Strongest,ec,bo,1,4,0
Fase de Grupos,2021-04-28,2,2021,Olimpia,Always Ready,py,bo,1,2,1
Fase de Grupos,2021-04-29,2,2021,São Paulo,Rentistas,br,uy,1,2,0
Fase de Grupos,2021-05-04,3,2021,La Calera,Vélez Sarsf,cl,ar,-1,0,2
Fase de Grupos,2021-05-04,3,2021,Atlético Mineiro,Cerro Porteño,br,py,1,4,0
Fase de Grupos,2021-05-04,3,2021,Santos,The Strongest,br,bo,1,5,0
Fase de Grupos,2021-05-05,3,2021,Independiente,Universitario,ec,pe,1,4,0
Fase de Grupos,2021-05-05,3,2021,Racing Club,São Paulo,ar,br,0,0,0
Fase de Grupos,2021-05-04,3,2021,Barcelona SC,Boca Juniors,ec,ar,1,1,0
Fase de Grupos,2021-05-04,3,2021,LDU de Quito,Flamengo,ec,br,-1,2,3
Fase de Grupos,2021-05-04,3,2021,Defensa y Just,Palmeiras,ar,br,-1,1,2
Fase de Grupos,2021-05-06,3,2021,Nacional,Argentinos Jun,co,ar,-1,0,2
Fase de Grupos,2021-05-06,3,2021,Always Ready,Dep Táchira,bo,ve,1,2,0
Fase de Grupos,2021-05-05,3,2021,Internacional,Olimpia,br,py,1,6,1
Fase de Grupos,2021-05-05,3,2021,Rentistas,Sporting Cristal,uy,pe,0,0,0
Fase de Grupos,2021-05-05,3,2021,Univ Católica,Nacional,cl,uy,1,3,1
Fase de Grupos,2021-05-06,3,2021,Junior,Fluminense,co,br,0,1,1
Fase de Grupos,2021-05-06,3,2021,Santa Fe,River Plate,co,ar,0,0,0
Fase de Grupos,2021-05-06,3,2021,Dep La Guaira,CD América,ve,co,0,0,0
Fase de Grupos,2021-05-11,4,2021,The Strongest,Barcelona SC,bo,ec,1,2,0
Fase de Grupos,2021-05-11,4,2021,Dep Táchira,Internacional,ve,br,1,2,1
Fase de Grupos,2021-05-11,4,2021,Santos,Boca Juniors,br,ar,1,1,0
Fase de Grupos,2021-05-12,4,2021,Argentinos Jun,Univ Católica,ar,cl,-1,0,1
Fase de Grupos,2021-05-12,4,2021,Rentistas,São Paulo,uy,br,0,1,1
Fase de Grupos,2021-05-11,4,2021,Independiente,Palmeiras,ec,br,-1,0,1
Fase de Grupos,2021-05-11,4,2021,Sporting Cristal,Racing Club,pe,ar,-1,0,2
Fase de Grupos,2021-05-11,4,2021,La Calera,Flamengo,cl,br,0,2,2
Fase de Grupos,2021-05-13,4,2021,Vélez Sarsf,LDU de Quito,ar,ec,1,3,1
Fase de Grupos,2021-05-12,4,2021,Junior,River Plate,co,ar,0,1,1
Fase de Grupos,2021-05-12,4,2021,Dep La Guaira,Cerro Porteño,ve,py,-1,0,1
Fase de Grupos,2021-05-12,4,2021,Fluminense,Santa Fe,br,co,1,2,1
Fase de Grupos,2021-05-12,4,2021,Universitario,Defensa y Just,pe,ar,0,1,1
Fase de Grupos,2021-05-12,4,2021,Nacional,Nacional,co,uy,0,0,0
Fase de Grupos,2021-05-13,4,2021,CD América,Atlético Mineiro,co,br,-1,1,3
Fase de Grupos,2021-05-13,4,2021,Always Ready,Olimpia,bo,py,-1,1,2
Fase de Grupos,2021-05-18,5,2021,The Strongest,Santos,bo,br,1,2,1
Fase de Grupos,2021-05-18,5,2021,Nacional,Univ Católica,uy,cl,1,1,0
Fase de Grupos,2021-05-18,5,2021,Palmeiras,Defensa y Just,br,ar,-1,3,4
Fase de Grupos,2021-05-19,5,2021,Sporting Cristal,Rentistas,pe,uy,1,2,0
Fase de Grupos,2021-05-19,5,2021,Vélez Sarsf,La Calera,ar,cl,1,2,1
Fase de Grupos,2021-05-18,5,2021,Universitario,Independiente,pe,ec,1,3,2
Fase de Grupos,2021-05-18,5,2021,Fluminense,Junior,br,co,-1,1,2
Fase de Grupos,2021-05-18,5,2021,São Paulo,Racing Club,br,ar,-1,0,1
Fase de Grupos,2021-05-20,5,2021,Argentinos Jun,Nacional,ar,co,1,1,0
Fase de Grupos,2021-05-19,5,2021,Cerro Porteño,Atlético Mineiro,py,br,-1,0,1
Fase de Grupos,2021-05-19,5,2021,CD América,Dep La Guaira,co,ve,1,3,1
Fase de Grupos,2021-05-19,5,2021,Flamengo,LDU de Quito,br,ec,0,2,2
Fase de Grupos,2021-05-19,5,2021,River Plate,Santa Fe,ar,co,1,2,1
Fase de Grupos,2021-05-19,5,2021,Dep Táchira,Always Ready,ve,bo,1,7,2
Fase de Grupos,2021-05-20,5,2021,Olimpia,Internacional,py,br,-1,0,1
Fase de Grupos,2021-05-20,5,2021,Boca Juniors,Barcelona SC,ar,ec,0,0,0
Fase de Grupos,2021-05-25,6,2021,Santa Fe,Junior,co,co,0,0,0
Fase de Grupos,2021-05-25,6,2021,River Plate,Fluminense,ar,br,-1,1,3
Fase de Grupos,2021-05-26,6,2021,Olimpia,Dep Táchira,py,ve,1,6,2
Fase de Grupos,2021-05-26,6,2021,Internacional,Always Ready,br,bo,0,0,0
Fase de Grupos,2021-05-25,6,2021,Cerro Porteño,CD América,py,co,1,1,0
Fase de Grupos,2021-05-25,6,2021,Atlético Mineiro,Dep La Guaira,br,ve,1,4,0
Fase de Grupos,2021-05-25,6,2021,São Paulo,Sporting Cristal,br,pe,1,3,0
Fase de Grupos,2021-05-25,6,2021,Racing Club,Rentistas,ar,uy,1,3,0
Fase de Grupos,2021-05-26,6,2021,Barcelona SC,Santos,ec,br,1,3,1
Fase de Grupos,2021-05-27,6,2021,Palmeiras,Universitario,br,pe,1,6,0
Fase de Grupos,2021-05-27,6,2021,Defensa y Just,Independiente,ar,ec,0,1,1
Fase de Grupos,2021-05-26,6,2021,Boca Juniors,The Strongest,ar,bo,1,3,0
Fase de Grupos,2021-05-26,6,2021,Univ Católica,Nacional,cl,co,1,2,0
Fase de Grupos,2021-05-26,6,2021,Nacional,Argentinos Jun,uy,ar,1,2,0
Fase de Grupos,2021-05-27,6,2021,LDU de Quito,La Calera,ec,cl,1,5,2
Fase de Grupos,2021-05-27,6,2021,Flamengo,Vélez Sarsf,br,ar,0,0,0
Oitavas de final,2021-07-13,,2021,Cerro Porteño,Fluminense,py,br,-1,0,2
Oitavas de final,2021-07-13,,2021,Boca Juniors,Atlético Mineiro,ar,br,0,0,0
Oitavas de final,2021-07-14,,2021,Univ Católica,Palmeiras,cl,br,-1,0,1
Oitavas de final,2021-07-14,,2021,Vélez Sarsf,Barcelona SC,ar,ec,1,1,0
Oitavas de final,2021-07-13,,2021,São Paulo,Racing Club,br,ar,0,1,1
Oitavas de final,2021-07-14,,2021,Defensa y Just,Flamengo,ar,br,-1,0,1
Oitavas de final,2021-07-14,,2021,River Plate,Argentinos Jun,ar,ar,0,1,1
Oitavas de final,2021-07-15,,2021,Olimpia,Internacional,py,br,0,0,0
Oitavas de final,2021-07-20,,2021,Atlético Mineiro,Boca Juniors,br,ar,1,0,0
Oitavas de final,2021-07-21,,2021,Barcelona SC,Vélez Sarsf,ec,ar,1,3,1
Oitavas de final,2021-07-21,,2021,Palmeiras,Univ Católica,br,cl,1,1,0
Oitavas de final,2021-07-20,,2021,Racing Club,São Paulo,ar,br,-1,1,3
Oitavas de final,2021-07-21,,2021,Flamengo,Defensa y Just,br,ar,1,4,1
Oitavas de final,2021-07-21,,2021,Argentinos Jun,River Plate,ar,ar,-1,0,2
Oitavas de final,2021-07-22,,2021,Internacional,Olimpia,br,py,-1,0,0
Oitavas de final,2021-08-03,,2021,Fluminense,Cerro Porteño,br,py,1,1,0
Quartas de final,2021-08-11,,2021,Olimpia,Flamengo,py,br,-1,1,4
Quartas de final,2021-08-10,,2021,São Paulo,Palmeiras,br,br,0,1,1
Quartas de final,2021-08-11,,2021,River Plate,Atlético Mineiro,ar,br,-1,0,1
Quartas de final,2021-08-12,,2021,Fluminense,Barcelona SC,br,ec,0,2,2
Quartas de final,2021-08-18,,2021,Flamengo,Olimpia,br,py,1,5,1
Quartas de final,2021-08-17,,2021,Palmeiras,São Paulo,br,br,1,3,0
Quartas de final,2021-08-18,,2021,Atlético Mineiro,River Plate,br,ar,1,3,0
Quartas de final,2021-08-19,,2021,Barcelona SC,Fluminense,ec,br,0,1,1
Semifinais,2021-09-21,,2021,Palmeiras,Atlético Mineiro,br,br,0,0,0
Semifinais,2021-09-22,,2021,Flamengo,Barcelona SC,br,ec,1,2,0
Semifinais,2021-09-28,,2021,Atlético Mineiro,Palmeiras,br,br,0,1,1
Semifinais,2021-09-29,,2021,Barcelona SC,Flamengo,ec,br,-1,0,2
Final,2021-11-27,,2021,Palmeiras,Flamengo,br,br,1,2,1
Fase de Grupos,2022-04-05,1,2022,Olimpia,Cerro Porteño,py,py,0,0,0
Fase de Grupos,2022-04-05,1,2022,Caracas,Atl Paranaense,ve,br,0,0,0
Fase de Grupos,2022-04-05,1,2022,Colón,Peñarol,ar,uy,1,2,1
Fase de Grupos,2022-04-06,1,2022,América (MG),Independiente,br,ec,-1,0,2
Fase de Grupos,2022-04-06,1,2022,Bragantino,Nacional,br,uy,1,2,0
Fase de Grupos,2022-04-06,1,2022,Talleres,Univ Católica,ar,cl,1,1,0
Fase de Grupos,2022-04-05,1,2022,AD Cali,Boca Juniors,co,ar,1,2,0
Fase de Grupos,2022-04-05,1,2022,Sporting Cristal,Flamengo,pe,br,-1,0,2
Fase de Grupos,2022-04-05,1,2022,Always Ready,Corinthians,bo,br,1,2,0
Fase de Grupos,2022-04-07,1,2022,Fortaleza,Colo-Colo,br,cl,-1,1,2
Fase de Grupos,2022-04-06,1,2022,Alianza Lima,River Plate,pe,ar,-1,0,1
Fase de Grupos,2022-04-06,1,2022,Tolima,Atlético Mineiro,co,br,-1,0,2
Fase de Grupos,2022-04-06,1,2022,Dep Táchira,Palmeiras,ve,br,-1,0,4
Fase de Grupos,2022-04-06,1,2022,Indep Petrolero,CS Emelec,bo,ec,0,1,1
Fase de Grupos,2022-04-07,1,2022,Estudiantes,Vélez Sarsf,ar,ar,1,4,1
Fase de Grupos,2022-04-07,1,2022,The Strongest,Libertad,bo,py,0,1,1
Fase de Grupos,2022-04-12,2,2022,Cerro Porteño,Colón,py,ar,1,3,1
Fase de Grupos,2022-04-12,2,2022,Univ Católica,Sporting Cristal,cl,pe,1,2,1
Fase de Grupos,2022-04-12,2,2022,Boca Juniors,Always Ready,ar,bo,1,2,0
Fase de Grupos,2022-04-13,2,2022,Libertad,Caracas,py,ve,1,2,1
Fase de Grupos,2022-04-13,2,2022,Colo-Colo,Alianza Lima,cl,pe,1,2,1
Fase de Grupos,2022-04-12,2,2022,Flamengo,Talleres,br,ar,1,3,1
Fase de Grupos,2022-04-12,2,2022,Peñarol,Olimpia,uy,py,1,2,1
Fase de Grupos,2022-04-12,2,2022,Palmeiras,Indep Petrolero,br,bo,1,8,1
Fase de Grupos,2022-04-14,2,2022,Atl Paranaense,The Strongest,br,bo,1,1,0
Fase de Grupos,2022-04-13,2,2022,River Plate,Fortaleza,ar,br,1,2,0
Fase de Grupos,2022-04-13,2,2022,Nacional,Estudiantes,uy,ar,0,0,0
Fase de Grupos,2022-04-13,2,2022,Independiente,Tolima,ec,co,0,2,2
Fase de Grupos,2022-04-13,2,2022,Atlético Mineiro,América (MG),br,br,0,1,1
Fase de Grupos,2022-04-13,2,2022,Corinthians,AD Cali,br,co,1,1,0
Fase de Grupos,2022-04-14,2,2022,CS Emelec,Dep Táchira,ec,ve,0,1,1
Fase de Grupos,2022-04-14,2,2022,Vélez Sarsf,Bragantino,ar,br,0,2,2
Fase de Grupos,2022-04-26,3,2022,Indep Petrolero,Dep Táchira,bo,ve,-1,1,2
Fase de Grupos,2022-04-26,3,2022,Libertad,Atl Paranaense,py,br,1,1,0
Fase de Grupos,2022-04-26,3,2022,Vélez Sarsf,Nacional,ar,uy,-1,1,2
Fase de Grupos,2022-04-26,3,2022,Estudiantes,Bragantino,ar,br,1,2,0
Fase de Grupos,2022-04-27,3,2022,América (MG),Tolima,br,co,-1,2,3
Fase de Grupos,2022-04-27,3,2022,Fortaleza,Alianza Lima,br,pe,1,2,1
Fase de Grupos,2022-04-26,3,2022,Independiente,Atlético Mineiro,ec,br,0,1,1
Fase de Grupos,2022-04-26,3,2022,Corinthians,Boca Juniors,br,ar,1,2,0
Fase de Grupos,2022-04-26,3,2022,Talleres,Sporting Cristal,ar,pe,1,1,0
Fase de Grupos,2022-04-28,3,2022,Univ Católica,Flamengo,cl,br,-1,2,3
Fase de Grupos,2022-04-27,3,2022,CS Emelec,Palmeiras,ec,br,-1,1,3
Fase de Grupos,2022-04-27,3,2022,Cerro Porteño,Peñarol,py,uy,1,1,0
Fase de Grupos,2022-04-27,3,2022,Colo-Colo,River Plate,cl,ar,-1,1,2
Fase de Grupos,2022-04-27,3,2022,The Strongest,Caracas,bo,ve,0,1,1
Fase de Grupos,2022-04-28,3,2022,Olimpia,Colón,py,ar,0,0,0
Fase de Grupos,2022-04-28,3,2022,Always Ready,AD Cali,bo,co,0,2,2
Fase de Grupos,2022-05-03,4,2022,Dep Táchira,CS Emelec,ve,ec,-1,1,4
Fase de Grupos,2022-05-03,4,2022,Caracas,Libertad,ve,py,1,1,0
Fase de Grupos,2022-05-03,4,2022,The Strongest,Atl Paranaense,bo,br,1,5,0
Fase de Grupos,2022-05-04,4,2022,Colón,Cerro Porteño,ar,py,1,2,1
Fase de Grupos,2022-05-04,4,2022,Talleres,Flamengo,ar,br,0,2,2
Fase de Grupos,2022-05-03,4,2022,Indep Petrolero,Palmeiras,bo,br,-1,0,5
Fase de Grupos,2022-05-03,4,2022,América (MG),Atlético Mineiro,br,br,-1,1,2
Fase de Grupos,2022-05-03,4,2022,Estudiantes,Nacional,ar,uy,1,1,0
Fase de Grupos,2022-05-04,4,2022,AD Cali,Corinthians,co,br,0,0,0
Fase de Grupos,2022-05-05,4,2022,Fortaleza,River Plate,br,ar,0,1,1
Fase de Grupos,2022-05-04,4,2022,Olimpia,Peñarol,py,uy,1,1,0
Fase de Grupos,2022-05-04,4,2022,Always Ready,Boca Juniors,bo,ar,-1,0,1
Fase de Grupos,2022-05-04,4,2022,Tolima,Independiente,co,ec,1,1,0
Fase de Grupos,2022-05-04,4,2022,Sporting Cristal,Univ Católica,pe,cl,0,1,1
Fase de Grupos,2022-05-05,4,2022,Alianza Lima,Colo-Colo,pe,cl,0,1,1
Fase de Grupos,2022-05-05,4,2022,Bragantino,Vélez Sarsf,br,ar,0,1,1
Fase de Grupos,2022-05-17,5,2022,Caracas,The Strongest,ve,bo,0,0,0
Fase de Grupos,2022-05-17,5,2022,Bragantino,Estudiantes,br,ar,-1,0,1
Fase de Grupos,2022-05-17,5,2022,Peñarol,Cerro Porteño,uy,py,0,0,0
Fase de Grupos,2022-05-18,5,2022,Palmeiras,CS Emelec,br,ec,1,1,0
Fase de Grupos,2022-05-18,5,2022,Atl Paranaense,Libertad,br,py,1,2,0
Fase de Grupos,2022-05-18,5,2022,Nacional,Vélez Sarsf,uy,ar,-1,2,3
Fase de Grupos,2022-05-17,5,2022,Sporting Cristal,Talleres,pe,ar,0,0,0
Fase de Grupos,2022-05-17,5,2022,Flamengo,Univ Católica,br,cl,1,3,0
Fase de Grupos,2022-05-17,5,2022,Boca Juniors,Corinthians,ar,br,0,1,1
Fase de Grupos,2022-05-19,5,2022,Atlético Mineiro,Independiente,br,ec,1,3,1
Fase de Grupos,2022-05-18,5,2022,Tolima,América (MG),co,br,0,2,2
Fase de Grupos,2022-05-18,5,2022,Dep Táchira,Indep Petrolero,ve,bo,1,3,0
Fase de Grupos,2022-05-18,5,2022,Colón,Olimpia,ar,py,1,2,1
Fase de Grupos,2022-05-18,5,2022,Alianza Lima,Fortaleza,pe,br,-1,0,2
Fase de Grupos,2022-05-19,5,2022,River Plate,Colo-Colo,ar,cl,1,4,0
Fase de Grupos,2022-05-19,5,2022,AD Cali,Always Ready,co,bo,1,3,0
Fase de Grupos,2022-05-24,6,2022,Vélez Sarsf,Estudiantes,ar,ar,1,4,0
Fase de Grupos,2022-05-24,6,2022,Nacional,Bragantino,uy,br,1,3,0
Fase de Grupos,2022-05-25,6,2022,Colo-Colo,Fortaleza,cl,br,-1,3,4
Fase de Grupos,2022-05-25,6,2022,River Plate,Alianza Lima,ar,pe,1,8,1
Fase de Grupos,2022-05-24,6,2022,CS Emelec,Indep Petrolero,ec,bo,1,7,0
Fase de Grupos,2022-05-24,6,2022,Univ Católica,Talleres,cl,ar,-1,0,1
Fase de Grupos,2022-05-24,6,2022,Palmeiras,Dep Táchira,br,ve,1,4,1
Fase de Grupos,2022-05-24,6,2022,Flamengo,Sporting Cristal,br,pe,1,2,1
Fase de Grupos,2022-05-26,6,2022,Libertad,The Strongest,py,bo,1,4,1
Fase de Grupos,2022-05-26,6,2022,Atl Paranaense,Caracas,br,ve,1,5,1
Fase de Grupos,2022-05-25,6,2022,Independiente,América (MG),ec,br,1,3,0
Fase de Grupos,2022-05-25,6,2022,Cerro Porteño,Olimpia,py,py,-1,0,1
Fase de Grupos,2022-05-25,6,2022,Atlético Mineiro,Tolima,br,co,-1,1,2
Fase de Grupos,2022-05-25,6,2022,Peñarol,Colón,uy,ar,1,2,1
Fase de Grupos,2022-05-26,6,2022,Boca Juniors,AD Cali,ar,co,1,1,0
Fase de Grupos,2022-05-26,6,2022,Corinthians,Always Ready,br,bo,0,1,1
Oitavas de final,2022-06-28,,2022,CS Emelec,Atlético Mineiro,ec,br,0,1,1
Oitavas de final,2022-06-29,,2022,Cerro Porteño,Palmeiras,py,br,-1,0,3
Oitavas de final,2022-06-29,,2022,Talleres,Colón,ar,ar,0,1,1
Oitavas de final,2022-06-28,,2022,Corinthians,Boca Juniors,br,ar,0,0,0
Oitavas de final,2022-06-28,,2022,Atl Paranaense,Libertad,br,py,1,2,1
Oitavas de final,2022-06-29,,2022,Tolima,Flamengo,co,br,-1,0,1
Oitavas de final,2022-06-29,,2022,Vélez Sarsf,River Plate,ar,ar,1,1,0
Oitavas de final,2022-06-30,,2022,Fortaleza,Estudiantes,br,ar,0,1,1
Oitavas de final,2022-07-05,,2022,Atlético Mineiro,CS Emelec,br,ec,1,1,0
Oitavas de final,2022-07-06,,2022,Colón,Talleres,ar,ar,-1,0,2
Oitavas de final,2022-07-06,,2022,Palmeiras,Cerro Porteño,br,py,1,5,0
Oitavas de final,2022-07-05,,2022,Libertad,Atl Paranaense,py,br,0,1,1
Oitavas de final,2022-07-05,,2022,Boca Juniors,Corinthians,ar,br,-1,0,0
Oitavas de final,2022-07-06,,2022,Flamengo,Tolima,br,co,1,7,1
Oitavas de final,2022-07-06,,2022,River Plate,Vélez Sarsf,ar,ar,0,0,0
Oitavas de final,2022-07-07,,2022,Estudiantes,Fortaleza,ar,br,1,3,0
Quartas de final,2022-08-02,,2022,Corinthians,Flamengo,br,br,-1,0,2
Quartas de final,2022-08-03,,2022,Atlético Mineiro,Palmeiras,br,br,0,2,2
Quartas de final,2022-08-03,,2022,Vélez Sarsf,Talleres,ar,ar,1,3,2
Quartas de final,2022-08-04,,2022,Atl Paranaense,Estudiantes,br,ar,0,0,0
Quartas de final,2022-08-09,,2022,Flamengo,Corinthians,br,br,1,1,0
Quartas de final,2022-08-10,,2022,Talleres,Vélez Sarsf,ar,ar,-1,0,1
Quartas de final,2022-08-10,,2022,Palmeiras,Atlético Mineiro,br,br,1,0,0
Quartas de final,2022-08-11,,2022,Estudiantes,Atl Paranaense,ar,br,-1,0,1
Semifinais,2022-08-30,,2022,Atl Paranaense,Palmeiras,br,br,1,1,0
Semifinais,2022-08-31,,2022,Vélez Sarsf,Flamengo,ar,br,-1,0,4
Semifinais,2022-09-06,,2022,Palmeiras,Atl Paranaense,br,br,0,2,2
Semifinais,2022-09-07,,2022,Flamengo,Vélez Sarsf,br,ar,1,2,1
Final,2022-10-29,,2022,Flamengo,Atl Paranaense,br,br,1,1,0
Fase de Grupos,2023-04-04,1,2023,Alianza Lima,Atl Paranaense,pe,br,0,0,0
Fase de Grupos,2023-04-04,1,2023,The Strongest,River Plate,bo,ar,1,3,1
Fase de Grupos,2023-04-04,1,2023,Argentinos Jun,Independiente,ar,ec,1,1,0
Fase de Grupos,2023-04-05,1,2023,SD Aucas,Flamengo,ec,br,1,2,1
Fase de Grupos,2023-04-05,1,2023,Patronato,Nacional,ar,co,-1,1,2
Fase de Grupos,2023-04-04,1,2023,Independiente,Internacional,co,br,0,1,1
Fase de Grupos,2023-04-04,1,2023,Metropolitanos,Nacional,ve,uy,-1,1,2
Fase de Grupos,2023-04-06,1,2023,Liverpool,Corinthians,uy,br,-1,0,3
Fase de Grupos,2023-04-06,1,2023,Atlético Mineiro,Libertad,br,py,-1,0,1
Fase de Grupos,2023-04-05,1,2023,Sporting Cristal,Fluminense,pe,br,-1,1,3
Fase de Grupos,2023-04-05,1,2023,Cerro Porteño,Barcelona SC,py,ec,1,2,1
Fase de Grupos,2023-04-05,1,2023,Ñublense,Racing Club,cl,ar,-1,0,2
Fase de Grupos,2023-04-05,1,2023,Bolívar,Palmeiras,bo,br,1,3,1
Fase de Grupos,2023-04-05,1,2023,Pereira,Colo-Colo,co,cl,0,1,1
Fase de Grupos,2023-04-06,1,2023,Melgar,Olimpia,pe,py,0,1,1
Fase de Grupos,2023-04-06,1,2023,Monagas,Boca Juniors,ve,ar,0,0,0
Fase de Grupos,2023-04-18,2,2023,Internacional,Metropolitanos,br,ve,1,1,0
Fase de Grupos,2023-04-18,2,2023,Fluminense,The Strongest,br,bo,1,1,0
Fase de Grupos,2023-04-19,2,2023,Nacional,Independiente,uy,co,1,2,1
Fase de Grupos,2023-04-18,2,2023,Olimpia,Patronato,py,ar,1,1,0
Fase de Grupos,2023-04-18,2,2023,Independiente,Liverpool,ec,uy,1,2,0
Fase de Grupos,2023-04-18,2,2023,Atl Paranaense,Atlético Mineiro,br,br,1,2,1
Fase de Grupos,2023-04-18,2,2023,Boca Juniors,Pereira,ar,co,1,2,1
Fase de Grupos,2023-04-20,2,2023,Racing Club,SD Aucas,ar,ec,1,3,2
Fase de Grupos,2023-04-19,2,2023,Barcelona SC,Bolívar,ec,bo,1,2,1
Fase de Grupos,2023-04-19,2,2023,Colo-Colo,Monagas,cl,ve,1,1,0
Fase de Grupos,2023-04-19,2,2023,River Plate,Sporting Cristal,ar,pe,1,4,2
Fase de Grupos,2023-04-19,2,2023,Corinthians,Argentinos Jun,br,ar,-1,0,1
Fase de Grupos,2023-04-19,2,2023,Flamengo,Ñublense,br,cl,1,2,0
Fase de Grupos,2023-04-20,2,2023,Nacional,Melgar,co,pe,1,3,1
Fase de Grupos,2023-04-20,2,2023,Palmeiras,Cerro Porteño,br,py,1,2,1
Fase de Grupos,2023-04-20,2,2023,Libertad,Alianza Lima,py,pe,-1,1,2
Fase de Grupos,2023-05-02,3,2023,Ñublense,SD Aucas,cl,ec,1,2,1
Fase de Grupos,2023-05-02,3,2023,Liverpool,Argentinos Jun,uy,ar,0,2,2
Fase de Grupos,2023-05-03,3,2023,Cerro Porteño,Bolívar,py,bo,-1,0,4
Fase de Grupos,2023-05-02,3,2023,Nacional,Olimpia,co,py,0,2,2
Fase de Grupos,2023-05-03,3,2023,Internacional,Nacional,br,uy,0,2,2
Fase de Grupos,2023-05-02,3,2023,Corinthians,Independiente,br,ec,-1,1,2
Fase de Grupos,2023-05-02,3,2023,Sporting Cristal,The Strongest,pe,bo,1,1,0
Fase de Grupos,2023-05-02,3,2023,Fluminense,River Plate,br,ar,1,5,1
Fase de Grupos,2023-05-04,3,2023,Patronato,Melgar,ar,pe,1,4,1
Fase de Grupos,2023-05-04,3,2023,Racing Club,Flamengo,ar,br,0,1,1
Fase de Grupos,2023-05-03,3,2023,Barcelona SC,Palmeiras,ec,br,-1,0,2
Fase de Grupos,2023-05-03,3,2023,Colo-Colo,Boca Juniors,cl,ar,-1,0,2
Fase de Grupos,2023-05-03,3,2023,Independiente,Metropolitanos,co,ve,1,4,2
Fase de Grupos,2023-05-03,3,2023,Atlético Mineiro,Alianza Lima,br,pe,1,2,0
Fase de Grupos,2023-05-04,3,2023,Libertad,Atl Paranaense,py,br,-1,1,2
Fase de Grupos,2023-05-04,3,2023,Pereira,Monagas,co,ve,1,2,1
Fase de Grupos,2023-05-23,4,2023,Monagas,Colo-Colo,ve,cl,0,1,1
Fase de Grupos,2023-05-23,4,2023,Atlético Mineiro,Atl Paranaense,br,br,1,2,1
Fase de Grupos,2023-05-24,4,2023,Cerro Porteño,Palmeiras,py,br,-1,0,3
Fase de Grupos,2023-05-23,4,2023,Independiente,Nacional,co,uy,1,2,1
Fase de Grupos,2023-05-24,4,2023,Liverpool,Independiente,uy,ec,1,1,0
Fase de Grupos,2023-05-23,4,2023,SD Aucas,Racing Club,ec,ar,-1,1,2
Fase de Grupos,2023-05-23,4,2023,Bolívar,Barcelona SC,bo,ec,1,1,0
Fase de Grupos,2023-05-23,4,2023,Alianza Lima,Libertad,pe,py,-1,1,2
Fase de Grupos,2023-05-25,4,2023,The Strongest,Fluminense,bo,br,1,1,0
Fase de Grupos,2023-05-24,4,2023,Pereira,Boca Juniors,co,ar,1,1,0
Fase de Grupos,2023-05-25,4,2023,Patronato,Olimpia,ar,py,-1,0,2
Fase de Grupos,2023-05-24,4,2023,Ñublense,Flamengo,cl,br,0,1,1
Fase de Grupos,2023-05-24,4,2023,Melgar,Nacional,pe,co,-1,0,1
Fase de Grupos,2023-05-24,4,2023,Argentinos Jun,Corinthians,ar,br,0,0,0
Fase de Grupos,2023-05-25,4,2023,Sporting Cristal,River Plate,pe,ar,0,1,1
Fase de Grupos,2023-05-25,4,2023,Metropolitanos,Internacional,ve,br,-1,1,2
Fase de Grupos,2023-06-06,5,2023,Monagas,Pereira,ve,co,1,1,0
Fase de Grupos,2023-06-06,5,2023,Atl Paranaense,Libertad,br,py,1,1,0
Fase de Grupos,2023-06-07,5,2023,Independiente,Corinthians,ec,br,1,3,0
Fase de Grupos,2023-06-06,5,2023,Alianza Lima,Atlético Mineiro,pe,br,-1,0,1
Fase de Grupos,2023-06-07,5,2023,Argentinos Jun,Liverpool,ar,uy,1,2,1
Fase de Grupos,2023-06-07,5,2023,Nacional,Internacional,uy,br,0,1,1
Fase de Grupos,2023-06-06,5,2023,Melgar,Patronato,pe,ar,1,5,0
Fase de Grupos,2023-06-06,5,2023,Boca Juniors,Colo-Colo,ar,cl,1,1,0
Fase de Grupos,2023-06-06,5,2023,Bolívar,Cerro Porteño,bo,py,1,2,0
Fase de Grupos,2023-06-08,5,2023,Metropolitanos,Independiente,ve,co,-1,0,1
Fase de Grupos,2023-06-07,5,2023,SD Aucas,Ñublense,ec,cl,0,0,0
Fase de Grupos,2023-06-07,5,2023,Palmeiras,Barcelona SC,br,ec,1,4,2
Fase de Grupos,2023-06-07,5,2023,River Plate,Fluminense,ar,br,1,2,0
Fase de Grupos,2023-06-07,5,2023,The Strongest,Sporting Cristal,bo,pe,-1,1,2
Fase de Grupos,2023-06-08,5,2023,Olimpia,Nacional,py,co,1,3,0
Fase de Grupos,2023-06-08,5,2023,Flamengo,Racing Club,br,ar,1,2,1
Fase de Grupos,2023-06-27,6,2023,Libertad,Atlético Mineiro,py,br,0,1,1
Fase de Grupos,2023-06-27,6,2023,Atl Paranaense,Alianza Lima,br,pe,1,3,0
Fase de Grupos,2023-06-28,6,2023,Internacional,Independiente,br,co,1,3,1
Fase de Grupos,2023-06-28,6,2023,Nacional,Metropolitanos,uy,ve,1,1,0
Fase de Grupos,2023-06-27,6,2023,Nacional,Patronato,co,ar,-1,0,1
Fase de Grupos,2023-06-27,6,2023,Olimpia,Melgar,py,pe,1,4,1
Fase de Grupos,2023-06-27,6,2023,Fluminense,Sporting Cristal,br,pe,0,1,1
Fase de Grupos,2023-06-27,6,2023,River Plate,The Strongest,ar,bo,1,2,0
Fase de Grupos,2023-06-29,6,2023,Colo-Colo,Pereira,cl,co,0,0,0
Fase de Grupos,2023-06-29,6,2023,Boca Juniors,Monagas,ar,ve,1,4,0
Fase de Grupos,2023-06-28,6,2023,Independiente,Argentinos Jun,ec,ar,1,3,2
Fase de Grupos,2023-06-28,6,2023,Flamengo,SD Aucas,br,ec,1,4,0
Fase de Grupos,2023-06-28,6,2023,Corinthians,Liverpool,br,uy,1,3,0
Fase de Grupos,2023-06-28,6,2023,Racing Club,Ñublense,ar,cl,1,4,0
Fase de Grupos,2023-06-29,6,2023,Barcelona SC,Cerro Porteño,ec,py,0,2,2
Fase de Grupos,2023-06-29,6,2023,Palmeiras,Bolívar,br,bo,1,4,0
