Edicao,Acum Gols Visitante,Vitorias Visitante,Senioridade Casa,Senioridade Visitante,Casa,Visitante,Rodada
2014,0.0,0.0,2,7,Oriente Petrolero,Nacional,Fase de Grupos
2014,0.0,0.0,2,5,Morelia,Santa Fe,Fase de Grupos
2014,0.0,0.0,5,4,Sporting Cristal,Atl Paranaense,Fase de Grupos
2014,0.0,0.0,1,2,SD Quito,Botafogo (RJ),Fase de Grupos
2014,0.0,0.0,4,5,Univ Chile,Guaraní,Fase de Grupos
2014,0.0,0.0,1,2,Caracas FC,Lanús,Fase de Grupos
2014,0.0,0.0,7,2,Nacional,Oriente Petrolero,Fase de Grupos
2014,0.0,0.0,5,2,Santa Fe,Morelia,Fase de Grupos
2014,0.0,0.0,5,4,Guaraní,Univ Chile,Fase de Grupos
2014,0.0,0.0,2,1,Botafogo (RJ),SD Quito,Fase de Grupos
2014,0.0,0.0,4,5,Atl Paranaense,Sporting Cristal,Fase de Grupos
2014,0.0,0.0,2,1,Lanús,Caracas FC,Fase de Grupos
2014,0.0,0.0,2,5,Botafogo (RJ),San Lorenzo,Fase de Grupos
2014,0.0,0.0,1,6,Anzoátegui,Peñarol,Fase de Grupos
2014,0.0,0.0,4,1,Santos,Arsenal,Fase de Grupos
2014,0.0,0.0,4,5,Zamora,Atlético Mineiro,Fase de Grupos
2014,0.0,0.0,2,1,Universitario,Vélez Sarsf,Fase de Grupos
2014,0.0,0.0,5,7,Santa Fe,Nacional,Fase de Grupos
2014,0.0,0.0,1,5,León,Flamengo,Fase de Grupos
2014,0.0,0.0,4,2,Univ Chile,Defensor,Fase de Grupos
2014,0.0,0.0,2,4,Real Garcilaso,Cruzeiro,Fase de Grupos
2014,0.0,0.0,4,5,Atl Paranaense,The Strongest,Fase de Grupos
2014,0.0,0.0,2,5,AD Cali,Cerro Porteño,Fase de Grupos
2014,0.0,0.0,2,1,Lanús,O'Higgins,Fase de Grupos
2014,0.0,0.0,7,1,Nacional,Newell's OB,Fase de Grupos
2014,0.0,0.0,6,4,CS Emelec,Bolívar,Fase de Grupos
2014,0.0,0.0,7,6,Nacional,Grêmio,Fase de Grupos
2014,0.0,0.0,6,1,Independiente,Unión Española,Fase de Grupos
2014,0.0,0.0,2,2,Defensor,Real Garcilaso,Fase de Grupos
2014,0.0,0.0,6,4,Peñarol,Santos,Fase de Grupos
2014,0.0,0.0,7,4,Nacional,Zamora,Fase de Grupos
2014,0.0,0.0,4,1,Bolívar,León,Fase de Grupos
2014,0.0,0.0,1,2,O'Higgins,AD Cali,Fase de Grupos
2014,0.0,0.0,5,2,The Strongest,Universitario,Fase de Grupos
2014,3.0,1.0,4,4,Cruzeiro,Univ Chile,Fase de Grupos
2014,1.0,0.0,1,4,Vélez Sarsf,Atl Paranaense,Fase de Grupos
2014,2.0,1.0,5,2,Cerro Porteño,Lanús,Fase de Grupos
2014,0.0,0.0,1,2,Unión Española,Botafogo (RJ),Fase de Grupos
2014,0.0,0.0,1,1,Arsenal,Anzoátegui,Fase de Grupos
2014,1.0,0.0,6,7,Grêmio,Nacional,Fase de Grupos
2014,0.0,0.0,5,6,San Lorenzo,Independiente,Fase de Grupos
2014,1.0,0.0,5,5,Atlético Mineiro,Santa Fe,Fase de Grupos
2014,0.0,0.0,5,6,Flamengo,CS Emelec,Fase de Grupos
2014,1.0,0.0,1,7,Newell's OB,Nacional,Fase de Grupos
2014,1.0,0.0,2,4,Defensor,Cruzeiro,Fase de Grupos
2014,1.0,0.0,6,2,Independiente,Botafogo (RJ),Fase de Grupos
2014,1.0,0.0,7,7,Nacional,Nacional,Fase de Grupos
2014,2.0,1.0,1,4,Anzoátegui,Santos,Fase de Grupos
2014,2.0,0.0,5,1,San Lorenzo,Unión Española,Fase de Grupos
2014,1.0,1.0,5,1,The Strongest,Vélez Sarsf,Fase de Grupos
2014,1.0,0.0,6,1,CS Emelec,León,Fase de Grupos
2014,4.0,1.0,2,4,Real Garcilaso,Univ Chile,Fase de Grupos
2014,1.0,0.0,1,6,Arsenal,Peñarol,Fase de Grupos
2014,2.0,0.0,4,5,Zamora,Santa Fe,Fase de Grupos
2014,1.0,1.0,7,5,Nacional,Atlético Mineiro,Fase de Grupos
2014,1.0,0.0,5,4,Flamengo,Bolívar,Fase de Grupos
2014,0.0,0.0,1,5,O'Higgins,Cerro Porteño,Fase de Grupos
2014,0.0,0.0,6,1,Grêmio,Newell's OB,Fase de Grupos
2014,1.0,0.0,2,4,Universitario,Atl Paranaense,Fase de Grupos
2014,3.0,1.0,2,2,AD Cali,Lanús,Fase de Grupos
2014,1.0,0.0,4,2,Univ Chile,Real Garcilaso,Fase de Grupos
2014,3.0,0.0,7,7,Nacional,Nacional,Fase de Grupos
2014,4.0,1.0,5,7,Atlético Mineiro,Nacional,Fase de Grupos
2014,0.0,0.0,6,1,Peñarol,Arsenal,Fase de Grupos
2014,0.0,0.0,5,4,Santa Fe,Zamora,Fase de Grupos
2014,0.0,0.0,4,1,Santos,Anzoátegui,Fase de Grupos
2014,0.0,0.0,1,5,Vélez Sarsf,The Strongest,Fase de Grupos
2014,0.0,0.0,2,6,Botafogo (RJ),Independiente,Fase de Grupos
2014,0.0,0.0,4,2,Atl Paranaense,Universitario,Fase de Grupos
2014,1.0,0.0,1,6,León,CS Emelec,Fase de Grupos
2014,0.0,0.0,5,1,Cerro Porteño,O'Higgins,Fase de Grupos
2014,0.0,0.0,2,2,Lanús,AD Cali,Fase de Grupos
2014,1.0,0.0,4,5,Bolívar,Flamengo,Fase de Grupos
2014,1.0,1.0,1,6,Newell's OB,Grêmio,Fase de Grupos
2014,0.0,0.0,4,2,Cruzeiro,Defensor,Fase de Grupos
2014,0.0,0.0,1,5,Unión Española,San Lorenzo,Fase de Grupos
2014,5.0,1.0,4,7,Zamora,Nacional,Fase de Grupos
2014,0.0,0.0,7,1,Nacional,Newell's OB,Fase de Grupos
2014,1.0,0.0,4,6,Santos,Peñarol,Fase de Grupos
2014,1.0,0.0,1,1,Anzoátegui,Arsenal,Fase de Grupos
2014,2.0,0.0,2,5,Lanús,Cerro Porteño,Fase de Grupos
2014,0.0,0.0,6,5,Independiente,San Lorenzo,Fase de Grupos
2014,1.0,0.0,2,1,AD Cali,O'Higgins,Fase de Grupos
2014,3.0,0.0,1,4,León,Bolívar,Fase de Grupos
2014,1.0,1.0,4,1,Atl Paranaense,Vélez Sarsf,Fase de Grupos
2014,0.0,0.0,2,5,Universitario,The Strongest,Fase de Grupos
2014,2.0,0.0,2,2,Real Garcilaso,Defensor,Fase de Grupos
2014,3.0,0.0,2,1,Botafogo (RJ),Unión Española,Fase de Grupos
2014,1.0,0.0,6,5,CS Emelec,Flamengo,Fase de Grupos
2014,2.0,1.0,7,6,Nacional,Grêmio,Fase de Grupos
2014,1.0,0.0,4,4,Univ Chile,Cruzeiro,Fase de Grupos
2014,3.0,1.0,5,5,Santa Fe,Atlético Mineiro,Fase de Grupos
2014,2.0,1.0,5,4,The Strongest,Atl Paranaense,Fase de Grupos
2014,0.0,0.0,1,2,Vélez Sarsf,Universitario,Fase de Grupos
2014,2.0,0.0,5,2,San Lorenzo,Botafogo (RJ),Fase de Grupos
2014,0.0,0.0,1,6,Unión Española,Independiente,Fase de Grupos
2014,0.0,0.0,5,2,Cerro Porteño,AD Cali,Fase de Grupos
2014,4.0,1.0,1,2,O'Higgins,Lanús,Fase de Grupos
2014,3.0,0.0,7,5,Nacional,Santa Fe,Fase de Grupos
2014,2.0,0.0,5,4,Atlético Mineiro,Zamora,Fase de Grupos
2014,0.0,0.0,6,1,Peñarol,Anzoátegui,Fase de Grupos
2014,3.0,1.0,1,4,Arsenal,Santos,Fase de Grupos
2014,1.0,0.0,4,6,Bolívar,CS Emelec,Fase de Grupos
2014,2.0,0.0,5,1,Flamengo,León,Fase de Grupos
2014,1.0,0.0,4,2,Cruzeiro,Real Garcilaso,Fase de Grupos
2014,6.0,2.0,2,4,Defensor,Univ Chile,Fase de Grupos
2014,5.0,1.0,1,7,Newell's OB,Nacional,Fase de Grupos
2014,8.0,2.0,6,7,Grêmio,Nacional,Fase de Grupos
2014,3.0,1.0,2,4,Lanús,Santos,Oitavas de final
2014,4.0,1.0,1,4,León,Bolívar,Oitavas de final
2014,2.0,0.0,4,5,Cruzeiro,Cerro Porteño,Oitavas de final
2014,4.0,1.0,5,2,The Strongest,Defensor,Oitavas de final
2014,4.0,2.0,7,1,Nacional,Vélez Sarsf,Oitavas de final
2014,5.0,1.0,4,1,Bolívar,León,Oitavas de final
2014,4.0,1.0,7,5,Nacional,Atlético Mineiro,Oitavas de final
2014,4.0,2.0,5,6,San Lorenzo,Grêmio,Oitavas de final
2014,4.0,1.0,4,2,Santos,Lanús,Oitavas de final
2014,4.0,1.0,1,1,Arsenal,Unión Española,Oitavas de final
2014,3.0,0.0,2,5,Defensor,The Strongest,Oitavas de final
2014,4.0,1.0,1,1,Unión Española,Arsenal,Oitavas de final
2014,8.0,2.0,1,7,Vélez Sarsf,Nacional,Oitavas de final
2014,10.0,2.0,5,7,Atlético Mineiro,Nacional,Oitavas de final
2014,3.0,1.0,5,4,Cerro Porteño,Cruzeiro,Oitavas de final
2014,1.0,0.0,6,5,Grêmio,San Lorenzo,Oitavas de final
2014,5.0,2.0,7,1,Nacional,Arsenal,Quartas de final
2014,6.0,1.0,2,4,Lanús,Bolívar,Quartas de final
2014,5.0,2.0,5,4,San Lorenzo,Cruzeiro,Quartas de final
2014,4.0,1.0,7,2,Nacional,Defensor,Quartas de final
2014,11.0,2.0,1,7,Arsenal,Nacional,Quartas de final
2014,6.0,2.0,4,2,Bolívar,Lanús,Quartas de final
2014,1.0,1.0,4,5,Cruzeiro,San Lorenzo,Quartas de final
2014,11.0,2.0,2,7,Defensor,Nacional,Quartas de final
2014,6.0,2.0,7,2,Nacional,Defensor,Semifinais
2014,7.0,1.0,5,4,San Lorenzo,Bolívar,Semifinais
2014,11.0,2.0,2,7,Defensor,Nacional,Semifinais
2014,2.0,1.0,4,5,Bolívar,San Lorenzo,Semifinais
2014,11.0,2.0,5,7,San Lorenzo,Nacional,Final
2015,0.0,0.0,4,3,Alianza Lima,CA Huracán,Fase de Grupos
2015,0.0,0.0,2,5,Morelia,The Strongest,Fase de Grupos
2015,0.0,0.0,2,7,Palestino,Nacional,Fase de Grupos
2015,0.0,0.0,2,5,Dep Táchira,Cerro Porteño,Fase de Grupos
2015,0.0,0.0,3,1,Corinthians,Once Caldas,Fase de Grupos
2015,0.0,0.0,6,3,Independiente,Estudiantes,Fase de Grupos
2015,0.0,0.0,3,4,CA Huracán,Alianza Lima,Fase de Grupos
2015,0.0,0.0,5,2,Cerro Porteño,Dep Táchira,Fase de Grupos
2015,0.0,0.0,5,2,The Strongest,Morelia,Fase de Grupos
2015,0.0,0.0,1,3,Once Caldas,Corinthians,Fase de Grupos
2015,0.0,0.0,7,2,Nacional,Palestino,Fase de Grupos
2015,0.0,0.0,3,6,Estudiantes,Independiente,Fase de Grupos
2015,0.0,0.0,4,6,Univ Chile,CS Emelec,Fase de Grupos
2015,0.0,0.0,1,4,Wanderers,Zamora,Fase de Grupos
2015,0.0,0.0,5,5,Guaraní,Sporting Cristal,Fase de Grupos
2015,0.0,0.0,2,5,Palestino,Boca Juniors,Fase de Grupos
2015,0.0,0.0,2,4,Dep Táchira,Racing Club,Fase de Grupos
2015,0.0,0.0,5,3,The Strongest,Internacional,Fase de Grupos
2015,0.0,0.0,1,5,Atlas,Santa Fe,Fase de Grupos
2015,0.0,0.0,5,7,Libertad,Nacional,Fase de Grupos
2015,0.0,0.0,1,1,UANL,Juan Aurich,Fase de Grupos
2015,0.0,0.0,1,5,Danubio,San Lorenzo,Fase de Grupos
2015,0.0,0.0,4,5,Colo-Colo,Atlético Mineiro,Fase de Grupos
2015,0.0,0.0,3,3,Corinthians,São Paulo,Fase de Grupos
2015,0.0,0.0,2,6,San José,River Plate,Fase de Grupos
2015,0.0,0.0,3,1,CA Huracán,Mineros,Fase de Grupos
2015,0.0,0.0,3,3,Estudiantes,Barcelona SC,Fase de Grupos
2015,0.0,0.0,5,1,Atlético Mineiro,Atlas,Fase de Grupos
2015,0.0,0.0,4,5,Racing Club,Guaraní,Fase de Grupos
2015,1.0,0.0,6,5,CS Emelec,The Strongest,Fase de Grupos
2015,2.0,0.0,5,2,Sporting Cristal,Dep Táchira,Fase de Grupos
2015,0.0,0.0,3,4,Internacional,Univ Chile,Fase de Grupos
2015,0.0,0.0,5,1,Boca Juniors,Wanderers,Fase de Grupos
2015,0.0,0.0,2,4,Universitario,Cruzeiro,Fase de Grupos
2015,0.0,0.0,3,1,São Paulo,Danubio,Fase de Grupos
2015,0.0,0.0,5,4,Santa Fe,Colo-Colo,Fase de Grupos
2015,1.0,0.0,4,2,Zamora,Palestino,Fase de Grupos
2015,0.0,0.0,3,5,Barcelona SC,Libertad,Fase de Grupos
2015,0.0,0.0,1,2,Mineros,Universitario,Fase de Grupos
2015,1.0,1.0,4,1,Colo-Colo,Atlas,Fase de Grupos
2015,4.0,1.0,4,3,Cruzeiro,CA Huracán,Fase de Grupos
2015,0.0,0.0,6,1,River Plate,UANL,Fase de Grupos
2015,1.0,0.0,4,5,Univ Chile,The Strongest,Fase de Grupos
2015,1.0,0.0,5,3,San Lorenzo,Corinthians,Fase de Grupos
2015,1.0,1.0,3,6,Internacional,CS Emelec,Fase de Grupos
2015,0.0,0.0,1,2,Juan Aurich,San José,Fase de Grupos
2015,0.0,0.0,7,3,Nacional,Estudiantes,Fase de Grupos
2015,4.0,1.0,2,3,Universitario,CA Huracán,Fase de Grupos
2015,2.0,1.0,1,2,Wanderers,Palestino,Fase de Grupos
2015,2.0,0.0,5,4,Boca Juniors,Zamora,Fase de Grupos
2015,2.0,0.0,4,5,Racing Club,Sporting Cristal,Fase de Grupos
2015,3.0,0.0,5,2,Guaraní,Dep Táchira,Fase de Grupos
2015,1.0,0.0,5,3,Libertad,Estudiantes,Fase de Grupos
2015,2.0,0.0,3,7,Barcelona SC,Nacional,Fase de Grupos
2015,1.0,0.0,2,1,San José,UANL,Fase de Grupos
2015,0.0,0.0,1,6,Juan Aurich,River Plate,Fase de Grupos
2015,2.0,1.0,1,3,Danubio,Corinthians,Fase de Grupos
2015,1.0,0.0,6,3,CS Emelec,Internacional,Fase de Grupos
2015,1.0,1.0,3,5,Estudiantes,Libertad,Fase de Grupos
2015,5.0,1.0,5,4,Sporting Cristal,Racing Club,Fase de Grupos
2015,2.0,1.0,4,5,Zamora,Boca Juniors,Fase de Grupos
2015,0.0,0.0,1,2,UANL,San José,Fase de Grupos
2015,1.0,0.0,5,4,The Strongest,Univ Chile,Fase de Grupos
2015,1.0,0.0,2,5,Dep Táchira,Guaraní,Fase de Grupos
2015,0.0,0.0,5,5,Santa Fe,Atlético Mineiro,Fase de Grupos
2015,0.0,0.0,6,1,River Plate,Juan Aurich,Fase de Grupos
2015,1.0,0.0,2,1,Palestino,Wanderers,Fase de Grupos
2015,2.0,1.0,3,5,São Paulo,San Lorenzo,Fase de Grupos
2015,0.0,0.0,7,3,Nacional,Barcelona SC,Fase de Grupos
2015,0.0,0.0,1,4,Mineros,Cruzeiro,Fase de Grupos
2015,0.0,0.0,5,3,San Lorenzo,São Paulo,Fase de Grupos
2015,0.0,0.0,3,1,Corinthians,Danubio,Fase de Grupos
2015,7.0,2.0,5,4,Guaraní,Racing Club,Fase de Grupos
2015,2.0,0.0,2,4,Palestino,Zamora,Fase de Grupos
2015,4.0,1.0,2,5,Dep Táchira,Sporting Cristal,Fase de Grupos
2015,1.0,1.0,3,2,CA Huracán,Universitario,Fase de Grupos
2015,1.0,0.0,1,4,Atlas,Colo-Colo,Fase de Grupos
2015,1.0,0.0,2,1,San José,Juan Aurich,Fase de Grupos
2015,3.0,1.0,5,3,Libertad,Barcelona SC,Fase de Grupos
2015,4.0,1.0,3,7,Estudiantes,Nacional,Fase de Grupos
2015,1.0,0.0,1,6,UANL,River Plate,Fase de Grupos
2015,2.0,0.0,4,1,Cruzeiro,Mineros,Fase de Grupos
2015,1.0,1.0,5,5,Atlético Mineiro,Santa Fe,Fase de Grupos
2015,7.0,2.0,1,5,Wanderers,Boca Juniors,Fase de Grupos
2015,2.0,0.0,2,1,Universitario,Mineros,Fase de Grupos
2015,2.0,1.0,3,4,CA Huracán,Cruzeiro,Fase de Grupos
2015,3.0,1.0,5,6,The Strongest,CS Emelec,Fase de Grupos
2015,2.0,1.0,1,1,Juan Aurich,UANL,Fase de Grupos
2015,2.0,0.0,5,5,Sporting Cristal,Guaraní,Fase de Grupos
2015,0.0,0.0,6,2,River Plate,San José,Fase de Grupos
2015,5.0,0.0,4,2,Racing Club,Dep Táchira,Fase de Grupos
2015,2.0,0.0,4,1,Zamora,Wanderers,Fase de Grupos
2015,2.0,1.0,5,2,Boca Juniors,Palestino,Fase de Grupos
2015,1.0,1.0,1,5,Atlas,Atlético Mineiro,Fase de Grupos
2015,0.0,0.0,1,3,Danubio,São Paulo,Fase de Grupos
2015,1.0,1.0,4,5,Colo-Colo,Santa Fe,Fase de Grupos
2015,2.0,1.0,3,5,Corinthians,San Lorenzo,Fase de Grupos
2015,2.0,0.0,4,3,Univ Chile,Internacional,Fase de Grupos
2015,4.0,1.0,1,3,Mineros,CA Huracán,Fase de Grupos
2015,2.0,1.0,4,2,Cruzeiro,Universitario,Fase de Grupos
2015,4.0,0.0,6,4,CS Emelec,Univ Chile,Fase de Grupos
2015,2.0,0.0,3,5,Internacional,The Strongest,Fase de Grupos
2015,1.0,1.0,5,1,Santa Fe,Atlas,Fase de Grupos
2015,4.0,1.0,5,4,Atlético Mineiro,Colo-Colo,Fase de Grupos
2015,1.0,0.0,3,3,Barcelona SC,Estudiantes,Fase de Grupos
2015,1.0,1.0,7,5,Nacional,Libertad,Fase de Grupos
2015,4.0,2.0,3,3,São Paulo,Corinthians,Fase de Grupos
2015,0.0,0.0,5,1,San Lorenzo,Danubio,Fase de Grupos
2015,7.0,2.0,2,1,Universitario,UANL,Oitavas de final
2015,4.0,2.0,3,5,Estudiantes,Santa Fe,Oitavas de final
2015,4.0,2.0,5,3,Guaraní,Corinthians,Oitavas de final
2015,2.0,1.0,1,2,UANL,Universitario,Oitavas de final
2015,7.0,2.0,1,4,Wanderers,Racing Club,Oitavas de final
2015,6.0,1.0,5,3,Atlético Mineiro,Internacional,Oitavas de final
2015,3.0,1.0,3,4,São Paulo,Cruzeiro,Oitavas de final
2015,10.0,3.0,6,5,River Plate,Boca Juniors,Oitavas de final
2015,5.0,2.0,6,7,CS Emelec,Nacional,Oitavas de final
2015,3.0,1.0,5,3,Santa Fe,Estudiantes,Oitavas de final
2015,2.0,1.0,4,3,Cruzeiro,São Paulo,Oitavas de final
2015,5.0,1.0,4,1,Racing Club,Wanderers,Oitavas de final
2015,3.0,0.0,3,5,Corinthians,Guaraní,Oitavas de final
2015,1.0,1.0,3,5,Internacional,Atlético Mineiro,Oitavas de final
2015,3.0,0.0,5,6,Boca Juniors,River Plate,Oitavas de final
2015,3.0,1.0,7,6,Nacional,CS Emelec,Oitavas de final
2015,9.0,3.0,6,1,CS Emelec,UANL,Quartas de final
2015,8.0,2.0,5,4,Guaraní,Racing Club,Quartas de final
2015,8.0,1.0,5,3,Santa Fe,Internacional,Quartas de final
2015,3.0,1.0,6,4,River Plate,Cruzeiro,Quartas de final
2015,5.0,2.0,3,5,Internacional,Santa Fe,Quartas de final
2015,3.0,1.0,1,6,UANL,CS Emelec,Quartas de final
2015,6.0,1.0,4,6,Cruzeiro,River Plate,Quartas de final
2015,4.0,1.0,4,5,Racing Club,Guaraní,Quartas de final
2015,4.0,1.0,6,5,River Plate,Guaraní,Semifinais
2015,9.0,3.0,3,1,Internacional,UANL,Semifinais
2015,9.0,2.0,5,6,Guaraní,River Plate,Semifinais
2015,8.0,1.0,1,3,UANL,Internacional,Semifinais
2015,10.0,3.0,6,1,River Plate,UANL,Final
2016,0.0,0.0,3,2,CA Huracán,Caracas,Fase de Grupos
2016,0.0,0.0,1,3,U César Vallejo,São Paulo,Fase de Grupos
2016,0.0,0.0,6,4,River Plate,Univ Chile,Fase de Grupos
2016,0.0,0.0,6,5,Independiente,Guaraní,Fase de Grupos
2016,0.0,0.0,1,4,Puebla,Racing Club,Fase de Grupos
2016,0.0,0.0,2,5,Oriente Petrolero,Santa Fe,Fase de Grupos
2016,0.0,0.0,4,6,Univ Chile,River Plate,Fase de Grupos
2016,0.0,0.0,2,3,Caracas,CA Huracán,Fase de Grupos
2016,0.0,0.0,3,1,São Paulo,U César Vallejo,Fase de Grupos
2016,0.0,0.0,5,6,Guaraní,Independiente,Fase de Grupos
2016,0.0,0.0,4,1,Racing Club,Puebla,Fase de Grupos
2016,0.0,0.0,5,2,Santa Fe,Oriente Petrolero,Fase de Grupos
2016,0.0,0.0,6,5,River Plate,Palmeiras,Fase de Grupos
2016,0.0,0.0,3,5,Melgar,Atlético Mineiro,Fase de Grupos
2016,0.0,0.0,3,5,São Paulo,The Strongest,Fase de Grupos
2016,0.0,0.0,1,3,Cobresal,Corinthians,Fase de Grupos
2016,0.0,0.0,5,5,Santa Fe,Cerro Porteño,Fase de Grupos
2016,0.0,0.0,2,3,Dep Táchira,Olimpia,Fase de Grupos
2016,0.0,0.0,1,6,Toluca,Grêmio,Fase de Grupos
2016,0.0,0.0,5,6,Sporting Cristal,Peñarol,Fase de Grupos
2016,0.0,0.0,6,4,Independiente,Colo-Colo,Fase de Grupos
2016,0.0,0.0,1,6,UNAM,CS Emelec,Fase de Grupos
2016,0.0,0.0,3,5,LDU de Quito,San Lorenzo,Fase de Grupos
2016,0.0,0.0,4,4,Racing Club,Bolívar,Fase de Grupos
2016,0.0,0.0,4,3,Colo-Colo,Melgar,Fase de Grupos
2016,0.0,0.0,3,7,CA Huracán,Nacional,Fase de Grupos
2016,2.0,1.0,2,7,Rosario Cent,Nacional,Fase de Grupos
2016,0.0,0.0,5,1,Cerro Porteño,Cobresal,Fase de Grupos
2016,0.0,0.0,2,5,AD Cali,Boca Juniors,Fase de Grupos
2016,1.0,0.0,5,6,Atlético Mineiro,Independiente,Fase de Grupos
2016,0.0,0.0,6,2,CS Emelec,Dep Táchira,Fase de Grupos
2016,0.0,0.0,1,6,Trujillanos,River Plate,Fase de Grupos
2016,1.0,0.0,3,6,Melgar,Independiente,Fase de Grupos
2016,0.0,0.0,3,1,Olimpia,UNAM,Fase de Grupos
2016,0.0,0.0,5,1,The Strongest,Trujillanos,Fase de Grupos
2016,4.0,1.0,7,6,Nacional,River Plate,Fase de Grupos
2016,0.0,0.0,5,1,San Lorenzo,Toluca,Fase de Grupos
2016,0.0,0.0,7,5,Nacional,Sporting Cristal,Fase de Grupos
2016,1.0,0.0,6,3,Peñarol,CA Huracán,Fase de Grupos
2016,2.0,0.0,5,4,Boca Juniors,Racing Club,Fase de Grupos
2016,3.0,1.0,3,5,Corinthians,Santa Fe,Fase de Grupos
2016,0.0,0.0,6,3,Grêmio,LDU de Quito,Fase de Grupos
2016,0.0,0.0,4,2,Bolívar,AD Cali,Fase de Grupos
2016,0.0,0.0,5,2,Palmeiras,Rosario Cent,Fase de Grupos
2016,1.0,0.0,6,3,CS Emelec,Olimpia,Fase de Grupos
2016,3.0,1.0,1,5,Cobresal,Santa Fe,Fase de Grupos
2016,1.0,1.0,5,3,Cerro Porteño,Corinthians,Fase de Grupos
2016,4.0,1.0,2,6,Rosario Cent,River Plate,Fase de Grupos
2016,2.0,1.0,5,3,Sporting Cristal,CA Huracán,Fase de Grupos
2016,1.0,0.0,7,6,Nacional,Peñarol,Fase de Grupos
2016,1.0,0.0,6,3,River Plate,São Paulo,Fase de Grupos
2016,2.0,1.0,2,1,Dep Táchira,UNAM,Fase de Grupos
2016,3.0,1.0,5,7,Palmeiras,Nacional,Fase de Grupos
2016,0.0,0.0,6,5,Grêmio,San Lorenzo,Fase de Grupos
2016,1.0,0.0,3,1,LDU de Quito,Toluca,Fase de Grupos
2016,0.0,0.0,4,5,Bolívar,Boca Juniors,Fase de Grupos
2016,2.0,1.0,4,5,Colo-Colo,Atlético Mineiro,Fase de Grupos
2016,0.0,0.0,6,3,Independiente,Melgar,Fase de Grupos
2016,1.0,0.0,5,1,Santa Fe,Cobresal,Fase de Grupos
2016,2.0,0.0,1,3,Trujillanos,São Paulo,Fase de Grupos
2016,5.0,1.0,5,6,The Strongest,River Plate,Fase de Grupos
2016,0.0,0.0,5,6,San Lorenzo,Grêmio,Fase de Grupos
2016,5.0,2.0,6,7,Peñarol,Nacional,Fase de Grupos
2016,0.0,0.0,6,2,River Plate,Rosario Cent,Fase de Grupos
2016,2.0,0.0,3,6,Olimpia,CS Emelec,Fase de Grupos
2016,0.0,0.0,3,5,Corinthians,Cerro Porteño,Fase de Grupos
2016,1.0,0.0,5,4,Atlético Mineiro,Colo-Colo,Fase de Grupos
2016,2.0,0.0,2,4,AD Cali,Racing Club,Fase de Grupos
2016,0.0,0.0,1,2,UNAM,Dep Táchira,Fase de Grupos
2016,2.0,0.0,7,5,Nacional,Palmeiras,Fase de Grupos
2016,4.0,0.0,2,6,Dep Táchira,CS Emelec,Fase de Grupos
2016,0.0,0.0,3,5,CA Huracán,Sporting Cristal,Fase de Grupos
2016,1.0,1.0,6,5,River Plate,The Strongest,Fase de Grupos
2016,0.0,0.0,1,3,Toluca,LDU de Quito,Fase de Grupos
2016,1.0,0.0,3,1,São Paulo,Trujillanos,Fase de Grupos
2016,1.0,0.0,5,4,Boca Juniors,Bolívar,Fase de Grupos
2016,9.0,3.0,6,7,River Plate,Nacional,Fase de Grupos
2016,3.0,1.0,5,3,Santa Fe,Corinthians,Fase de Grupos
2016,2.0,1.0,6,5,Independiente,Atlético Mineiro,Fase de Grupos
2016,2.0,0.0,2,5,Rosario Cent,Palmeiras,Fase de Grupos
2016,3.0,0.0,1,3,UNAM,Olimpia,Fase de Grupos
2016,1.0,0.0,3,4,Melgar,Colo-Colo,Fase de Grupos
2016,0.0,0.0,4,2,Racing Club,AD Cali,Fase de Grupos
2016,1.0,1.0,1,5,Trujillanos,The Strongest,Fase de Grupos
2016,1.0,0.0,3,6,CA Huracán,Peñarol,Fase de Grupos
2016,0.0,0.0,1,5,Cobresal,Cerro Porteño,Fase de Grupos
2016,2.0,1.0,6,1,CS Emelec,UNAM,Fase de Grupos
2016,1.0,0.0,3,2,Olimpia,Dep Táchira,Fase de Grupos
2016,1.0,0.0,4,5,Racing Club,Boca Juniors,Fase de Grupos
2016,11.0,3.0,5,7,Sporting Cristal,Nacional,Fase de Grupos
2016,1.0,0.0,1,5,Toluca,San Lorenzo,Fase de Grupos
2016,2.0,1.0,4,6,Colo-Colo,Independiente,Fase de Grupos
2016,0.0,0.0,5,3,Atlético Mineiro,Melgar,Fase de Grupos
2016,1.0,0.0,3,6,LDU de Quito,Grêmio,Fase de Grupos
2016,6.0,1.0,3,6,São Paulo,River Plate,Fase de Grupos
2016,2.0,0.0,2,4,AD Cali,Bolívar,Fase de Grupos
2016,7.0,1.0,5,6,Palmeiras,River Plate,Fase de Grupos
2016,3.0,1.0,7,2,Nacional,Rosario Cent,Fase de Grupos
2016,4.0,1.0,7,3,Nacional,CA Huracán,Fase de Grupos
2016,2.0,0.0,6,5,Peñarol,Sporting Cristal,Fase de Grupos
2016,4.0,0.0,4,4,Bolívar,Racing Club,Fase de Grupos
2016,2.0,0.0,5,2,Boca Juniors,AD Cali,Fase de Grupos
2016,1.0,0.0,5,3,San Lorenzo,LDU de Quito,Fase de Grupos
2016,3.0,1.0,6,1,Grêmio,Toluca,Fase de Grupos
2016,5.0,2.0,5,5,Cerro Porteño,Santa Fe,Fase de Grupos
2016,1.0,0.0,3,1,Corinthians,Cobresal,Fase de Grupos
2016,3.0,0.0,5,3,The Strongest,São Paulo,Fase de Grupos
2016,1.0,0.0,6,1,River Plate,Trujillanos,Fase de Grupos
2016,12.0,4.0,3,7,CA Huracán,Nacional,Oitavas de final
2016,4.0,1.0,4,5,Racing Club,Atlético Mineiro,Oitavas de final
2016,5.0,2.0,2,1,Dep Táchira,UNAM,Oitavas de final
2016,7.0,1.0,6,6,Independiente,River Plate,Oitavas de final
2016,5.0,2.0,6,2,Grêmio,Rosario Cent,Oitavas de final
2016,4.0,1.0,7,3,Nacional,Corinthians,Oitavas de final
2016,2.0,1.0,5,5,Cerro Porteño,Boca Juniors,Oitavas de final
2016,3.0,1.0,3,1,São Paulo,Toluca,Oitavas de final
2016,4.0,0.0,1,3,Toluca,São Paulo,Oitavas de final
2016,2.0,1.0,6,6,River Plate,Independiente,Oitavas de final
2016,4.0,1.0,7,3,Nacional,CA Huracán,Oitavas de final
2016,1.0,0.0,1,2,UNAM,Dep Táchira,Oitavas de final
2016,4.0,1.0,2,6,Rosario Cent,Grêmio,Oitavas de final
2016,12.0,4.0,3,7,Corinthians,Nacional,Oitavas de final
2016,5.0,0.0,5,4,Atlético Mineiro,Racing Club,Oitavas de final
2016,0.0,0.0,5,5,Boca Juniors,Cerro Porteño,Oitavas de final
2016,4.0,2.0,7,5,Nacional,Boca Juniors,Quartas de final
2016,4.0,1.0,3,5,São Paulo,Atlético Mineiro,Quartas de final
2016,14.0,4.0,2,7,Rosario Cent,Nacional,Quartas de final
2016,5.0,2.0,6,1,Independiente,UNAM,Quartas de final
2016,14.0,4.0,5,7,Boca Juniors,Nacional,Quartas de final
2016,5.0,0.0,5,3,Atlético Mineiro,São Paulo,Quartas de final
2016,6.0,3.0,7,2,Nacional,Rosario Cent,Quartas de final
2016,2.0,1.0,1,6,UNAM,Independiente,Quartas de final
2016,15.0,4.0,3,7,São Paulo,Nacional,Semifinais
2016,5.0,2.0,6,5,Independiente,Boca Juniors,Semifinais
2016,6.0,0.0,7,3,Nacional,São Paulo,Semifinais
2016,3.0,2.0,5,6,Boca Juniors,Independiente,Semifinais
2016,6.0,3.0,7,6,Nacional,Independiente,Final
2017,0.0,0.0,1,5,Iquique,Guaraní,Fase de Grupos
2017,0.0,0.0,3,6,Wilstermann,Peñarol,Fase de Grupos
2017,0.0,0.0,1,5,Sport Boys,Libertad,Fase de Grupos
2017,0.0,0.0,2,5,Godoy Cruz,Atlético Mineiro,Fase de Grupos
2017,0.0,0.0,1,1,Zulia,Chapecoense,Fase de Grupos
2017,0.0,0.0,4,3,Atl Paranaense,Univ Católica,Fase de Grupos
2017,0.0,0.0,4,6,Zamora,Grêmio,Fase de Grupos
2017,0.0,0.0,2,5,Tucumán,Palmeiras,Fase de Grupos
2017,0.0,0.0,5,5,Flamengo,San Lorenzo,Fase de Grupos
2017,0.0,0.0,5,4,Sporting Cristal,Santos,Fase de Grupos
2017,0.0,0.0,5,5,The Strongest,Santa Fe,Fase de Grupos
2017,0.0,0.0,2,7,Lanús,Nacional,Fase de Grupos
2017,0.0,0.0,3,6,Melgar,CS Emelec,Fase de Grupos
2017,0.0,0.0,5,4,San Lorenzo,Atl Paranaense,Fase de Grupos
2017,0.0,0.0,7,1,Nacional,Zulia,Fase de Grupos
2017,1.0,1.0,3,7,Barcelona SC,Nacional,Fase de Grupos
2017,0.0,0.0,2,3,Botafogo (RJ),Estudiantes,Fase de Grupos
2017,0.0,0.0,6,6,Independiente,River Plate,Fase de Grupos
2017,0.0,0.0,1,2,Chapecoense,Lanús,Fase de Grupos
2017,0.0,0.0,3,5,Univ Católica,Flamengo,Fase de Grupos
2017,0.0,0.0,5,3,Palmeiras,Wilstermann,Fase de Grupos
2017,0.0,0.0,5,5,Santa Fe,Sporting Cristal,Fase de Grupos
2017,0.0,0.0,6,2,Peñarol,Tucumán,Fase de Grupos
2017,0.0,0.0,4,5,Santos,The Strongest,Fase de Grupos
2017,0.0,0.0,5,2,Libertad,Godoy Cruz,Fase de Grupos
2017,1.0,0.0,3,2,Wilstermann,Tucumán,Fase de Grupos
2017,0.0,0.0,5,4,Guaraní,Zamora,Fase de Grupos
2017,0.0,0.0,3,3,Estudiantes,Barcelona SC,Fase de Grupos
2017,0.0,0.0,6,1,Grêmio,Iquique,Fase de Grupos
2017,0.0,0.0,6,6,CS Emelec,Independiente,Fase de Grupos
2017,0.0,0.0,5,1,Atlético Mineiro,Sport Boys,Fase de Grupos
2017,0.0,0.0,3,5,Univ Católica,San Lorenzo,Fase de Grupos
2017,2.0,0.0,5,6,Palmeiras,Peñarol,Fase de Grupos
2017,1.0,1.0,5,4,Flamengo,Atl Paranaense,Fase de Grupos
2017,0.0,0.0,7,2,Nacional,Botafogo (RJ),Fase de Grupos
2017,0.0,0.0,6,3,River Plate,Melgar,Fase de Grupos
2017,2.0,1.0,3,7,Estudiantes,Nacional,Fase de Grupos
2017,0.0,0.0,5,5,Sporting Cristal,The Strongest,Fase de Grupos
2017,1.0,1.0,2,1,Lanús,Zulia,Fase de Grupos
2017,2.0,1.0,1,7,Chapecoense,Nacional,Fase de Grupos
2017,2.0,1.0,5,6,Guaraní,Grêmio,Fase de Grupos
2017,2.0,0.0,2,1,Godoy Cruz,Sport Boys,Fase de Grupos
2017,1.0,0.0,5,4,Santa Fe,Santos,Fase de Grupos
2017,2.0,0.0,4,1,Zamora,Iquique,Fase de Grupos
2017,1.0,0.0,5,5,Libertad,Atlético Mineiro,Fase de Grupos
2017,2.0,0.0,6,3,Independiente,Melgar,Fase de Grupos
2017,2.0,1.0,3,2,Barcelona SC,Botafogo (RJ),Fase de Grupos
2017,1.0,0.0,1,4,Iquique,Zamora,Fase de Grupos
2017,0.0,0.0,2,3,Tucumán,Wilstermann,Fase de Grupos
2017,3.0,0.0,5,5,Atlético Mineiro,Libertad,Fase de Grupos
2017,2.0,0.0,5,3,San Lorenzo,Univ Católica,Fase de Grupos
2017,3.0,1.0,1,2,Zulia,Lanús,Fase de Grupos
2017,0.0,0.0,3,6,Melgar,Independiente,Fase de Grupos
2017,2.0,1.0,7,1,Nacional,Chapecoense,Fase de Grupos
2017,1.0,0.0,6,5,Peñarol,Palmeiras,Fase de Grupos
2017,0.0,0.0,4,5,Atl Paranaense,Flamengo,Fase de Grupos
2017,3.0,1.0,6,6,CS Emelec,River Plate,Fase de Grupos
2017,2.0,1.0,1,2,Sport Boys,Godoy Cruz,Fase de Grupos
2017,1.0,1.0,6,5,Grêmio,Guaraní,Fase de Grupos
2017,4.0,0.0,2,6,Tucumán,Peñarol,Fase de Grupos
2017,1.0,0.0,1,5,Sport Boys,Atlético Mineiro,Fase de Grupos
2017,1.0,0.0,7,3,Nacional,Estudiantes,Fase de Grupos
2017,3.0,1.0,1,6,Iquique,Grêmio,Fase de Grupos
2017,2.0,1.0,2,3,Botafogo (RJ),Barcelona SC,Fase de Grupos
2017,0.0,0.0,5,5,The Strongest,Sporting Cristal,Fase de Grupos
2017,4.0,1.0,3,5,Wilstermann,Palmeiras,Fase de Grupos
2017,1.0,0.0,4,5,Atl Paranaense,San Lorenzo,Fase de Grupos
2017,3.0,0.0,5,3,Flamengo,Univ Católica,Fase de Grupos
2017,2.0,1.0,4,5,Zamora,Guaraní,Fase de Grupos
2017,3.0,0.0,2,5,Godoy Cruz,Libertad,Fase de Grupos
2017,0.0,0.0,4,5,Santos,Santa Fe,Fase de Grupos
2017,0.0,0.0,6,6,River Plate,CS Emelec,Fase de Grupos
2017,3.0,1.0,1,7,Zulia,Nacional,Fase de Grupos
2017,2.0,0.0,5,5,Sporting Cristal,Santa Fe,Fase de Grupos
2017,1.0,0.0,5,4,The Strongest,Santos,Fase de Grupos
2017,2.0,0.0,5,1,Libertad,Sport Boys,Fase de Grupos
2017,5.0,2.0,5,2,Atlético Mineiro,Godoy Cruz,Fase de Grupos
2017,1.0,0.0,6,6,Independiente,CS Emelec,Fase de Grupos
2017,2.0,0.0,3,3,Barcelona SC,Estudiantes,Fase de Grupos
2017,2.0,1.0,3,4,Univ Católica,Atl Paranaense,Fase de Grupos
2017,2.0,1.0,2,1,Lanús,Chapecoense,Fase de Grupos
2017,1.0,0.0,5,5,San Lorenzo,Flamengo,Fase de Grupos
2017,5.0,2.0,3,6,Melgar,River Plate,Fase de Grupos
2017,3.0,1.0,2,7,Botafogo (RJ),Nacional,Fase de Grupos
2017,4.0,1.0,7,2,Nacional,Lanús,Fase de Grupos
2017,1.0,1.0,1,1,Chapecoense,Zulia,Fase de Grupos
2017,0.0,0.0,5,5,Santa Fe,The Strongest,Fase de Grupos
2017,1.0,0.0,4,5,Santos,Sporting Cristal,Fase de Grupos
2017,2.0,0.0,6,3,CS Emelec,Melgar,Fase de Grupos
2017,2.0,1.0,6,6,River Plate,Independiente,Fase de Grupos
2017,2.0,0.0,5,2,Palmeiras,Tucumán,Fase de Grupos
2017,1.0,0.0,6,3,Peñarol,Wilstermann,Fase de Grupos
2017,4.0,2.0,7,3,Nacional,Barcelona SC,Fase de Grupos
2017,6.0,1.0,5,1,Guaraní,Iquique,Fase de Grupos
2017,3.0,1.0,3,2,Estudiantes,Botafogo (RJ),Fase de Grupos
2017,4.0,0.0,6,4,Grêmio,Zamora,Fase de Grupos
2017,4.0,1.0,2,6,Godoy Cruz,Grêmio,Oitavas de final
2017,2.0,0.0,4,4,Atl Paranaense,Santos,Oitavas de final
2017,8.0,3.0,5,6,Guaraní,River Plate,Oitavas de final
2017,5.0,2.0,5,2,The Strongest,Lanús,Oitavas de final
2017,6.0,1.0,3,5,Barcelona SC,Palmeiras,Oitavas de final
2017,6.0,1.0,3,5,Wilstermann,Atlético Mineiro,Oitavas de final
2017,4.0,1.0,6,5,CS Emelec,San Lorenzo,Oitavas de final
2017,3.0,1.0,7,2,Nacional,Botafogo (RJ),Oitavas de final
2017,1.0,0.0,2,5,Lanús,The Strongest,Oitavas de final
2017,6.0,2.0,6,2,Grêmio,Godoy Cruz,Oitavas de final
2017,5.0,2.0,6,5,River Plate,Guaraní,Oitavas de final
2017,3.0,1.0,2,7,Botafogo (RJ),Nacional,Oitavas de final
2017,1.0,0.0,5,3,Atlético Mineiro,Wilstermann,Oitavas de final
2017,5.0,2.0,5,3,Palmeiras,Barcelona SC,Oitavas de final
2017,3.0,1.0,5,6,San Lorenzo,CS Emelec,Oitavas de final
2017,5.0,2.0,4,4,Santos,Atl Paranaense,Oitavas de final
2017,6.0,2.0,5,2,San Lorenzo,Lanús,Quartas de final
2017,5.0,1.0,3,4,Barcelona SC,Santos,Quartas de final
2017,5.0,2.0,2,6,Botafogo (RJ),Grêmio,Quartas de final
2017,10.0,4.0,3,6,Wilstermann,River Plate,Quartas de final
2017,1.0,0.0,6,3,River Plate,Wilstermann,Quartas de final
2017,5.0,3.0,4,3,Santos,Barcelona SC,Quartas de final
2017,4.0,2.0,6,2,Grêmio,Botafogo (RJ),Quartas de final
2017,5.0,2.0,2,5,Lanús,San Lorenzo,Quartas de final
2017,6.0,2.0,6,2,River Plate,Lanús,Semifinais
2017,5.0,2.0,3,6,Barcelona SC,Grêmio,Semifinais
2017,10.0,4.0,2,6,Lanús,River Plate,Semifinais
2017,6.0,4.0,6,3,Grêmio,Barcelona SC,Semifinais
2017,8.0,3.0,2,6,Lanús,Grêmio,Final
2018,0.0,0.0,1,5,Monagas,Cerro Porteño,Fase de Grupos
2018,0.0,0.0,2,6,Defensor,Grêmio,Fase de Grupos
2018,0.0,0.0,7,3,Nacional,Estudiantes,Fase de Grupos
2018,0.0,0.0,4,4,Racing Club,Cruzeiro,Fase de Grupos
2018,0.0,0.0,4,7,Colo-Colo,Nacional,Fase de Grupos
2018,0.0,0.0,5,6,Santa Fe,CS Emelec,Fase de Grupos
2018,0.0,0.0,2,4,Real Garcilaso,Santos,Fase de Grupos
2018,0.0,0.0,2,6,Deportivo Lara,Independiente,Fase de Grupos
2018,0.0,0.0,1,3,Millonarios,Corinthians,Fase de Grupos
2018,0.0,0.0,2,4,Delfín SC,Bolívar,Fase de Grupos
2018,0.0,0.0,5,6,Flamengo,River Plate,Fase de Grupos
2018,0.0,0.0,4,5,Alianza Lima,Boca Juniors,Fase de Grupos
2018,0.0,0.0,3,5,Junior,Palmeiras,Fase de Grupos
2018,0.0,0.0,2,5,Tucumán,Libertad,Fase de Grupos
2018,0.0,0.0,4,4,Bolívar,Colo-Colo,Fase de Grupos
2018,0.0,0.0,3,2,Estudiantes,Real Garcilaso,Fase de Grupos
2018,0.0,0.0,1,4,Vasco da Gama,Univ Chile,Fase de Grupos
2018,0.0,0.0,5,2,Cerro Porteño,Defensor,Fase de Grupos
2018,0.0,0.0,5,6,The Strongest,Peñarol,Fase de Grupos
2018,1.0,1.0,4,7,Santos,Nacional,Fase de Grupos
2018,0.0,0.0,6,5,CS Emelec,Flamengo,Fase de Grupos
2018,0.0,0.0,7,2,Nacional,Delfín SC,Fase de Grupos
2018,0.0,0.0,3,2,Corinthians,Deportivo Lara,Fase de Grupos
2018,0.0,0.0,6,1,Independiente,Millonarios,Fase de Grupos
2018,2.0,1.0,2,7,Real Garcilaso,Nacional,Fase de Grupos
2018,0.0,0.0,5,5,Libertad,The Strongest,Fase de Grupos
2018,0.0,0.0,6,1,Grêmio,Monagas,Fase de Grupos
2018,0.0,0.0,6,2,Peñarol,Tucumán,Fase de Grupos
2018,0.0,0.0,4,4,Univ Chile,Racing Club,Fase de Grupos
2018,0.0,0.0,5,4,Palmeiras,Alianza Lima,Fase de Grupos
2018,0.0,0.0,6,5,River Plate,Santa Fe,Fase de Grupos
2018,0.0,0.0,4,2,Colo-Colo,Delfín SC,Fase de Grupos
2018,0.0,0.0,4,1,Cruzeiro,Vasco da Gama,Fase de Grupos
2018,0.0,0.0,5,3,Boca Juniors,Junior,Fase de Grupos
2018,2.0,1.0,4,7,Bolívar,Nacional,Fase de Grupos
2018,0.0,0.0,3,4,Estudiantes,Santos,Fase de Grupos
2018,0.0,0.0,5,5,Palmeiras,Boca Juniors,Fase de Grupos
2018,0.0,0.0,2,1,Defensor,Monagas,Fase de Grupos
2018,1.0,0.0,5,2,The Strongest,Tucumán,Fase de Grupos
2018,0.0,0.0,1,2,Millonarios,Deportivo Lara,Fase de Grupos
2018,1.0,0.0,5,6,Cerro Porteño,Grêmio,Fase de Grupos
2018,0.0,0.0,4,1,Racing Club,Vasco da Gama,Fase de Grupos
2018,0.0,0.0,5,6,Libertad,Peñarol,Fase de Grupos
2018,0.0,0.0,5,5,Flamengo,Santa Fe,Fase de Grupos
2018,0.0,0.0,6,3,Independiente,Corinthians,Fase de Grupos
2018,2.0,0.0,6,6,CS Emelec,River Plate,Fase de Grupos
2018,0.0,0.0,4,3,Alianza Lima,Junior,Fase de Grupos
2018,2.0,0.0,4,4,Univ Chile,Cruzeiro,Fase de Grupos
2018,0.0,0.0,2,1,Deportivo Lara,Millonarios,Fase de Grupos
2018,0.0,0.0,2,5,Tucumán,The Strongest,Fase de Grupos
2018,0.0,0.0,7,2,Nacional,Real Garcilaso,Fase de Grupos
2018,1.0,0.0,7,4,Nacional,Bolívar,Fase de Grupos
2018,0.0,0.0,4,3,Santos,Estudiantes,Fase de Grupos
2018,1.0,1.0,4,4,Cruzeiro,Univ Chile,Fase de Grupos
2018,1.0,0.0,6,6,River Plate,CS Emelec,Fase de Grupos
2018,2.0,1.0,5,5,Santa Fe,Flamengo,Fase de Grupos
2018,1.0,0.0,1,2,Monagas,Defensor,Fase de Grupos
2018,3.0,1.0,5,5,Boca Juniors,Palmeiras,Fase de Grupos
2018,0.0,0.0,3,4,Junior,Alianza Lima,Fase de Grupos
2018,1.0,0.0,1,4,Vasco da Gama,Racing Club,Fase de Grupos
2018,2.0,1.0,6,5,Peñarol,Libertad,Fase de Grupos
2018,0.0,0.0,2,3,Real Garcilaso,Estudiantes,Fase de Grupos
2018,2.0,1.0,6,5,Grêmio,Cerro Porteño,Fase de Grupos
2018,1.0,0.0,3,5,Junior,Boca Juniors,Fase de Grupos
2018,1.0,0.0,2,6,Tucumán,Peñarol,Fase de Grupos
2018,1.0,1.0,7,4,Nacional,Santos,Fase de Grupos
2018,1.0,1.0,4,4,Racing Club,Univ Chile,Fase de Grupos
2018,1.0,0.0,2,4,Delfín SC,Colo-Colo,Fase de Grupos
2018,0.0,0.0,3,6,Corinthians,Independiente,Fase de Grupos
2018,2.0,0.0,1,4,Vasco da Gama,Cruzeiro,Fase de Grupos
2018,5.0,2.0,4,5,Alianza Lima,Palmeiras,Fase de Grupos
2018,3.0,1.0,5,6,Santa Fe,River Plate,Fase de Grupos
2018,2.0,1.0,5,5,The Strongest,Libertad,Fase de Grupos
2018,2.0,1.0,2,7,Delfín SC,Nacional,Fase de Grupos
2018,2.0,1.0,2,5,Defensor,Cerro Porteño,Fase de Grupos
2018,1.0,0.0,1,6,Monagas,Grêmio,Fase de Grupos
2018,2.0,0.0,4,4,Colo-Colo,Bolívar,Fase de Grupos
2018,3.0,1.0,5,2,Libertad,Tucumán,Fase de Grupos
2018,0.0,0.0,6,5,Peñarol,The Strongest,Fase de Grupos
2018,2.0,0.0,5,6,Flamengo,CS Emelec,Fase de Grupos
2018,0.0,0.0,5,4,Boca Juniors,Alianza Lima,Fase de Grupos
2018,2.0,1.0,5,3,Palmeiras,Junior,Fase de Grupos
2018,2.0,1.0,1,6,Millonarios,Independiente,Fase de Grupos
2018,1.0,1.0,2,3,Deportivo Lara,Corinthians,Fase de Grupos
2018,1.0,0.0,5,1,Cerro Porteño,Monagas,Fase de Grupos
2018,1.0,0.0,6,2,Grêmio,Defensor,Fase de Grupos
2018,0.0,0.0,4,1,Univ Chile,Vasco da Gama,Fase de Grupos
2018,2.0,0.0,4,4,Cruzeiro,Racing Club,Fase de Grupos
2018,2.0,1.0,3,7,Estudiantes,Nacional,Fase de Grupos
2018,0.0,0.0,4,2,Santos,Real Garcilaso,Fase de Grupos
2018,1.0,0.0,6,5,CS Emelec,Santa Fe,Fase de Grupos
2018,2.0,1.0,6,5,River Plate,Flamengo,Fase de Grupos
2018,3.0,1.0,7,4,Nacional,Colo-Colo,Fase de Grupos
2018,2.0,1.0,4,2,Bolívar,Delfín SC,Fase de Grupos
2018,0.0,0.0,6,2,Independiente,Deportivo Lara,Fase de Grupos
2018,1.0,0.0,3,1,Corinthians,Millonarios,Fase de Grupos
2018,5.0,2.0,5,5,Boca Juniors,Libertad,Oitavas de final
2018,3.0,1.0,3,6,Estudiantes,Grêmio,Oitavas de final
2018,4.0,2.0,4,6,Racing Club,River Plate,Oitavas de final
2018,8.0,2.0,4,3,Colo-Colo,Corinthians,Oitavas de final
2018,6.0,1.0,5,4,Flamengo,Cruzeiro,Oitavas de final
2018,8.0,3.0,5,5,Cerro Porteño,Palmeiras,Oitavas de final
2018,3.0,1.0,2,7,Tucumán,Nacional,Oitavas de final
2018,1.0,1.0,6,4,Independiente,Santos,Oitavas de final
2018,3.0,1.0,4,6,Santos,Independiente,Oitavas de final
2018,3.0,0.0,6,4,River Plate,Racing Club,Oitavas de final
2018,3.0,1.0,7,2,Nacional,Tucumán,Oitavas de final
2018,0.0,0.0,6,3,Grêmio,Estudiantes,Oitavas de final
2018,2.0,0.0,5,5,Libertad,Boca Juniors,Oitavas de final
2018,3.0,1.0,3,4,Corinthians,Colo-Colo,Oitavas de final
2018,2.0,1.0,4,5,Cruzeiro,Flamengo,Oitavas de final
2018,3.0,2.0,5,5,Palmeiras,Cerro Porteño,Oitavas de final
2018,4.0,2.0,6,6,Independiente,River Plate,Quartas de final
2018,4.0,1.0,2,6,Tucumán,Grêmio,Quartas de final
2018,8.0,2.0,5,4,Boca Juniors,Cruzeiro,Quartas de final
2018,10.0,4.0,4,5,Colo-Colo,Palmeiras,Quartas de final
2018,3.0,1.0,6,6,River Plate,Independiente,Quartas de final
2018,3.0,1.0,6,2,Grêmio,Tucumán,Quartas de final
2018,4.0,1.0,5,4,Palmeiras,Colo-Colo,Quartas de final
2018,6.0,1.0,4,5,Cruzeiro,Boca Juniors,Quartas de final
2018,6.0,2.0,6,6,River Plate,Grêmio,Semifinais
2018,12.0,5.0,5,5,Boca Juniors,Palmeiras,Semifinais
2018,4.0,2.0,6,6,Grêmio,River Plate,Semifinais
2018,7.0,1.0,5,5,Palmeiras,Boca Juniors,Semifinais
2018,9.0,1.0,6,5,River Plate,Boca Juniors,Final
2019,0.0,0.0,3,5,Melgar,San Lorenzo,Fase de Grupos
2019,0.0,0.0,2,5,San José,Flamengo,Fase de Grupos
2019,0.0,0.0,2,3,Godoy Cruz,Olimpia,Fase de Grupos
2019,0.0,0.0,2,3,Palestino,Internacional,Fase de Grupos
2019,0.0,0.0,5,5,Atlético Mineiro,Cerro Porteño,Fase de Grupos
2019,0.0,0.0,1,5,U Concepción,Sporting Cristal,Fase de Grupos
2019,0.0,0.0,1,4,Tolima,Atl Paranaense,Fase de Grupos
2019,0.0,0.0,3,5,Wilstermann,Boca Juniors,Fase de Grupos
2019,0.0,0.0,5,3,Libertad,Univ Católica,Fase de Grupos
2019,0.0,0.0,3,4,CA Huracán,Cruzeiro,Fase de Grupos
2019,0.0,0.0,3,5,Junior,Palmeiras,Fase de Grupos
2019,0.0,0.0,4,6,Alianza Lima,River Plate,Fase de Grupos
2019,0.0,0.0,4,7,Zamora,Nacional,Fase de Grupos
2019,0.0,0.0,2,6,Rosario Cent,Grêmio,Fase de Grupos
2019,0.0,0.0,2,6,Deportivo Lara,CS Emelec,Fase de Grupos
2019,0.0,0.0,3,6,LDU de Quito,Peñarol,Fase de Grupos
2019,0.0,0.0,5,3,Palmeiras,Melgar,Fase de Grupos
2019,0.0,0.0,3,1,Olimpia,U Concepción,Fase de Grupos
2019,0.0,0.0,5,1,Boca Juniors,Tolima,Fase de Grupos
2019,0.0,0.0,5,3,San Lorenzo,Junior,Fase de Grupos
2019,0.0,0.0,5,4,Cerro Porteño,Zamora,Fase de Grupos
2019,0.0,0.0,5,2,Sporting Cristal,Godoy Cruz,Fase de Grupos
2019,0.0,0.0,7,5,Nacional,Atlético Mineiro,Fase de Grupos
2019,0.0,0.0,6,5,Grêmio,Libertad,Fase de Grupos
2019,0.0,0.0,6,2,Peñarol,San José,Fase de Grupos
2019,0.0,0.0,3,4,Internacional,Alianza Lima,Fase de Grupos
2019,0.0,0.0,5,3,Flamengo,LDU de Quito,Fase de Grupos
2019,0.0,0.0,3,2,Univ Católica,Rosario Cent,Fase de Grupos
2019,0.0,0.0,6,2,River Plate,Palestino,Fase de Grupos
2019,0.0,0.0,4,3,Atl Paranaense,Wilstermann,Fase de Grupos
2019,0.0,0.0,6,3,CS Emelec,CA Huracán,Fase de Grupos
2019,0.0,0.0,4,2,Cruzeiro,Deportivo Lara,Fase de Grupos
2019,1.0,0.0,2,3,San José,LDU de Quito,Fase de Grupos
2019,1.0,1.0,5,7,Cerro Porteño,Nacional,Fase de Grupos
2019,2.0,1.0,5,5,San Lorenzo,Palmeiras,Fase de Grupos
2019,1.0,0.0,3,6,Internacional,River Plate,Fase de Grupos
2019,1.0,0.0,5,4,Atlético Mineiro,Zamora,Fase de Grupos
2019,1.0,0.0,1,2,U Concepción,Godoy Cruz,Fase de Grupos
2019,0.0,0.0,3,3,Melgar,Junior,Fase de Grupos
2019,0.0,0.0,2,4,Palestino,Alianza Lima,Fase de Grupos
2019,0.0,0.0,4,5,Atl Paranaense,Boca Juniors,Fase de Grupos
2019,1.0,0.0,3,6,Univ Católica,Grêmio,Fase de Grupos
2019,0.0,0.0,1,3,Tolima,Wilstermann,Fase de Grupos
2019,1.0,1.0,6,4,CS Emelec,Cruzeiro,Fase de Grupos
2019,0.0,0.0,2,3,Deportivo Lara,CA Huracán,Fase de Grupos
2019,0.0,0.0,5,6,Flamengo,Peñarol,Fase de Grupos
2019,1.0,0.0,5,2,Libertad,Rosario Cent,Fase de Grupos
2019,0.0,0.0,5,3,Sporting Cristal,Olimpia,Fase de Grupos
2019,1.0,0.0,3,2,Olimpia,Godoy Cruz,Fase de Grupos
2019,0.0,0.0,4,1,Atl Paranaense,Tolima,Fase de Grupos
2019,1.0,0.0,5,1,Sporting Cristal,U Concepción,Fase de Grupos
2019,0.0,0.0,5,5,Cerro Porteño,Atlético Mineiro,Fase de Grupos
2019,3.0,0.0,7,4,Nacional,Zamora,Fase de Grupos
2019,1.0,0.0,4,3,Cruzeiro,CA Huracán,Fase de Grupos
2019,0.0,0.0,5,3,San Lorenzo,Melgar,Fase de Grupos
2019,4.0,0.0,6,3,Peñarol,LDU de Quito,Fase de Grupos
2019,0.0,0.0,3,2,Internacional,Palestino,Fase de Grupos
2019,0.0,0.0,6,4,River Plate,Alianza Lima,Fase de Grupos
2019,1.0,1.0,3,5,Univ Católica,Libertad,Fase de Grupos
2019,2.0,0.0,5,3,Boca Juniors,Wilstermann,Fase de Grupos
2019,1.0,0.0,6,2,Grêmio,Rosario Cent,Fase de Grupos
2019,0.0,0.0,5,3,Palmeiras,Junior,Fase de Grupos
2019,0.0,0.0,5,2,Flamengo,San José,Fase de Grupos
2019,0.0,0.0,6,2,CS Emelec,Deportivo Lara,Fase de Grupos
2019,2.0,2.0,2,4,Deportivo Lara,Cruzeiro,Fase de Grupos
2019,1.0,0.0,5,6,Libertad,Grêmio,Fase de Grupos
2019,3.0,1.0,1,3,U Concepción,Olimpia,Fase de Grupos
2019,0.0,0.0,3,6,CA Huracán,CS Emelec,Fase de Grupos
2019,3.0,0.0,2,6,Palestino,River Plate,Fase de Grupos
2019,1.0,0.0,2,3,Rosario Cent,Univ Católica,Fase de Grupos
2019,0.0,0.0,3,4,Wilstermann,Atl Paranaense,Fase de Grupos
2019,4.0,0.0,2,5,Godoy Cruz,Sporting Cristal,Fase de Grupos
2019,1.0,1.0,5,7,Atlético Mineiro,Nacional,Fase de Grupos
2019,1.0,1.0,3,5,LDU de Quito,Flamengo,Fase de Grupos
2019,1.0,1.0,4,5,Zamora,Cerro Porteño,Fase de Grupos
2019,1.0,1.0,4,3,Alianza Lima,Internacional,Fase de Grupos
2019,0.0,0.0,1,5,Tolima,Boca Juniors,Fase de Grupos
2019,1.0,1.0,2,6,San José,Peñarol,Fase de Grupos
2019,0.0,0.0,3,5,Junior,San Lorenzo,Fase de Grupos
2019,2.0,1.0,3,5,Melgar,Palmeiras,Fase de Grupos
2019,1.0,0.0,4,5,Zamora,Atlético Mineiro,Fase de Grupos
2019,2.0,1.0,7,5,Nacional,Cerro Porteño,Fase de Grupos
2019,2.0,0.0,6,3,Grêmio,Univ Católica,Fase de Grupos
2019,2.0,1.0,4,6,Cruzeiro,CS Emelec,Fase de Grupos
2019,2.0,0.0,3,2,CA Huracán,Deportivo Lara,Fase de Grupos
2019,4.0,2.0,2,5,Rosario Cent,Libertad,Fase de Grupos
2019,2.0,0.0,4,2,Alianza Lima,Palestino,Fase de Grupos
2019,2.0,2.0,6,3,River Plate,Internacional,Fase de Grupos
2019,4.0,0.0,3,5,Olimpia,Sporting Cristal,Fase de Grupos
2019,1.0,0.0,2,1,Godoy Cruz,U Concepción,Fase de Grupos
2019,0.0,0.0,3,3,Junior,Melgar,Fase de Grupos
2019,1.0,0.0,3,2,LDU de Quito,San José,Fase de Grupos
2019,2.0,1.0,6,5,Peñarol,Flamengo,Fase de Grupos
2019,0.0,0.0,5,5,Palmeiras,San Lorenzo,Fase de Grupos
2019,0.0,0.0,3,1,Wilstermann,Tolima,Fase de Grupos
2019,2.0,0.0,5,4,Boca Juniors,Atl Paranaense,Fase de Grupos
2019,4.0,3.0,6,4,River Plate,Cruzeiro,Oitavas de final
2019,4.0,2.0,7,3,Nacional,Internacional,Oitavas de final
2019,3.0,1.0,5,5,San Lorenzo,Cerro Porteño,Oitavas de final
2019,6.0,1.0,3,3,LDU de Quito,Olimpia,Oitavas de final
2019,6.0,2.0,2,5,Godoy Cruz,Palmeiras,Oitavas de final
2019,2.0,1.0,6,5,CS Emelec,Flamengo,Oitavas de final
2019,2.0,0.0,4,5,Atl Paranaense,Boca Juniors,Oitavas de final
2019,5.0,2.0,6,5,Grêmio,Libertad,Oitavas de final
2019,5.0,1.0,4,6,Cruzeiro,River Plate,Oitavas de final
2019,0.0,0.0,5,5,Cerro Porteño,San Lorenzo,Oitavas de final
2019,2.0,2.0,3,7,Internacional,Nacional,Oitavas de final
2019,4.0,0.0,3,3,Olimpia,LDU de Quito,Oitavas de final
2019,2.0,0.0,5,2,Palmeiras,Godoy Cruz,Oitavas de final
2019,4.0,2.0,5,6,Flamengo,CS Emelec,Oitavas de final
2019,3.0,0.0,5,4,Boca Juniors,Atl Paranaense,Oitavas de final
2019,3.0,1.0,5,6,Libertad,Grêmio,Oitavas de final
2019,3.0,1.0,3,5,LDU de Quito,Boca Juniors,Quartas de final
2019,8.0,2.0,6,5,Grêmio,Palmeiras,Quartas de final
2019,3.0,1.0,6,5,River Plate,Cerro Porteño,Quartas de final
2019,5.0,3.0,5,3,Flamengo,Internacional,Quartas de final
2019,5.0,0.0,5,3,Boca Juniors,LDU de Quito,Quartas de final
2019,6.0,2.0,5,6,Palmeiras,Grêmio,Quartas de final
2019,5.0,2.0,5,6,Cerro Porteño,River Plate,Quartas de final
2019,2.0,1.0,3,5,Internacional,Flamengo,Quartas de final
2019,6.0,2.0,6,5,River Plate,Boca Juniors,Semifinais
2019,3.0,1.0,6,5,Grêmio,Flamengo,Semifinais
2019,6.0,2.0,5,6,Boca Juniors,River Plate,Semifinais
2019,8.0,3.0,5,6,Flamengo,Grêmio,Semifinais
2019,6.0,2.0,5,6,Flamengo,River Plate,Final
2020,0.0,0.0,3,3,Internacional,Univ Católica,Fase de Grupos
2020,0.0,0.0,1,4,Defensa y Just,Santos,Fase de Grupos
2020,0.0,0.0,3,6,Barcelona SC,Independiente,Fase de Grupos
2020,0.0,0.0,3,4,Wilstermann,Colo-Colo,Fase de Grupos
2020,0.0,0.0,1,5,Tigre,Palmeiras,Fase de Grupos
2020,0.0,0.0,1,6,CD América,Grêmio,Fase de Grupos
2020,0.0,0.0,6,5,Independiente,Libertad,Fase de Grupos
2020,0.0,0.0,2,5,Caracas,Boca Juniors,Fase de Grupos
2020,0.0,0.0,4,6,Atl Paranaense,Peñarol,Fase de Grupos
2020,0.0,0.0,1,4,Estud Mérida,Racing Club,Fase de Grupos
2020,0.0,0.0,3,6,LDU de Quito,River Plate,Fase de Grupos
2020,0.0,0.0,3,5,Junior,Flamengo,Fase de Grupos
2020,0.0,0.0,2,3,Delfín SC,Olimpia,Fase de Grupos
2020,0.0,0.0,5,4,Guaraní,Bolívar,Fase de Grupos
2020,0.0,0.0,1,3,Binacional,São Paulo,Fase de Grupos
2020,0.0,0.0,4,7,Alianza Lima,Nacional,Fase de Grupos
2020,0.0,0.0,4,1,Bolívar,Tigre,Fase de Grupos
2020,0.0,0.0,3,1,Univ Católica,CD América,Fase de Grupos
2020,0.0,0.0,4,2,Santos,Delfín SC,Fase de Grupos
2020,0.0,0.0,4,4,Colo-Colo,Atl Paranaense,Fase de Grupos
2020,0.0,0.0,6,3,Peñarol,Wilstermann,Fase de Grupos
2020,0.0,0.0,6,1,River Plate,Binacional,Fase de Grupos
2020,0.0,0.0,5,5,Palmeiras,Guaraní,Fase de Grupos
2020,0.0,0.0,5,2,Libertad,Caracas,Fase de Grupos
2020,3.0,1.0,5,6,Boca Juniors,Independiente,Fase de Grupos
2020,0.0,0.0,7,1,Nacional,Estud Mérida,Fase de Grupos
2020,0.0,0.0,6,3,Independiente,Junior,Fase de Grupos
2020,0.0,0.0,5,3,Flamengo,Barcelona SC,Fase de Grupos
2020,0.0,0.0,3,1,Olimpia,Defensa y Just,Fase de Grupos
2020,0.0,0.0,3,3,São Paulo,LDU de Quito,Fase de Grupos
2020,0.0,0.0,4,4,Racing Club,Alianza Lima,Fase de Grupos
2020,0.0,0.0,6,3,Grêmio,Internacional,Fase de Grupos
2020,0.0,0.0,3,4,Wilstermann,Atl Paranaense,Fase de Grupos
2020,0.0,0.0,4,6,Colo-Colo,Peñarol,Fase de Grupos
2020,0.0,0.0,1,4,Estud Mérida,Alianza Lima,Fase de Grupos
2020,2.0,1.0,3,1,Internacional,CD América,Fase de Grupos
2020,0.0,0.0,1,3,Binacional,LDU de Quito,Fase de Grupos
2020,1.0,0.0,4,3,Santos,Olimpia,Fase de Grupos
2020,1.0,1.0,4,7,Racing Club,Nacional,Fase de Grupos
2020,0.0,0.0,1,2,Defensa y Just,Delfín SC,Fase de Grupos
2020,0.0,0.0,3,6,São Paulo,River Plate,Fase de Grupos
2020,2.0,0.0,6,2,Independiente,Caracas,Fase de Grupos
2020,2.0,1.0,4,5,Bolívar,Palmeiras,Fase de Grupos
2020,2.0,1.0,3,6,Univ Católica,Grêmio,Fase de Grupos
2020,2.0,1.0,6,5,Independiente,Flamengo,Fase de Grupos
2020,1.0,0.0,5,5,Libertad,Boca Juniors,Fase de Grupos
2020,0.0,0.0,3,3,Barcelona SC,Junior,Fase de Grupos
2020,0.0,0.0,5,1,Guaraní,Tigre,Fase de Grupos
2020,2.0,1.0,3,5,Barcelona SC,Flamengo,Fase de Grupos
2020,2.0,2.0,1,7,Estud Mérida,Nacional,Fase de Grupos
2020,0.0,0.0,1,4,Tigre,Bolívar,Fase de Grupos
2020,2.0,1.0,2,5,Caracas,Libertad,Fase de Grupos
2020,1.0,0.0,1,3,Defensa y Just,Olimpia,Fase de Grupos
2020,0.0,0.0,4,4,Atl Paranaense,Colo-Colo,Fase de Grupos
2020,1.0,0.0,3,3,LDU de Quito,São Paulo,Fase de Grupos
2020,2.0,0.0,1,6,Binacional,River Plate,Fase de Grupos
2020,3.0,1.0,3,6,Junior,Independiente,Fase de Grupos
2020,1.0,0.0,3,6,Wilstermann,Peñarol,Fase de Grupos
2020,2.0,1.0,4,4,Alianza Lima,Racing Club,Fase de Grupos
2020,0.0,0.0,1,3,CD América,Univ Católica,Fase de Grupos
2020,4.0,2.0,5,5,Guaraní,Palmeiras,Fase de Grupos
2020,2.0,1.0,3,6,Internacional,Grêmio,Fase de Grupos
2020,3.0,1.0,6,5,Independiente,Boca Juniors,Fase de Grupos
2020,2.0,1.0,2,4,Delfín SC,Santos,Fase de Grupos
2020,1.0,0.0,6,3,Grêmio,Univ Católica,Fase de Grupos
2020,0.0,0.0,6,4,Peñarol,Colo-Colo,Fase de Grupos
2020,4.0,1.0,2,6,Caracas,Independiente,Fase de Grupos
2020,1.0,0.0,5,4,Palmeiras,Bolívar,Fase de Grupos
2020,4.0,2.0,7,4,Nacional,Racing Club,Fase de Grupos
2020,0.0,0.0,1,3,CD América,Internacional,Fase de Grupos
2020,0.0,0.0,3,1,LDU de Quito,Binacional,Fase de Grupos
2020,3.0,1.0,5,5,Boca Juniors,Libertad,Fase de Grupos
2020,0.0,0.0,4,3,Atl Paranaense,Wilstermann,Fase de Grupos
2020,4.0,2.0,3,4,Olimpia,Santos,Fase de Grupos
2020,0.0,0.0,3,3,Junior,Barcelona SC,Fase de Grupos
2020,0.0,0.0,4,1,Alianza Lima,Estud Mérida,Fase de Grupos
2020,3.0,0.0,6,3,River Plate,São Paulo,Fase de Grupos
2020,6.0,2.0,5,6,Flamengo,Independiente,Fase de Grupos
2020,1.0,0.0,1,5,Tigre,Guaraní,Fase de Grupos
2020,1.0,0.0,2,1,Delfín SC,Defensa y Just,Fase de Grupos
2020,0.0,0.0,3,2,Olimpia,Delfín SC,Fase de Grupos
2020,1.0,0.0,4,1,Santos,Defensa y Just,Fase de Grupos
2020,2.0,0.0,4,1,Racing Club,Estud Mérida,Fase de Grupos
2020,2.0,0.0,7,4,Nacional,Alianza Lima,Fase de Grupos
2020,0.0,0.0,3,1,São Paulo,Binacional,Fase de Grupos
2020,3.0,1.0,6,4,Peñarol,Atl Paranaense,Fase de Grupos
2020,1.0,1.0,6,3,River Plate,LDU de Quito,Fase de Grupos
2020,0.0,0.0,4,3,Colo-Colo,Wilstermann,Fase de Grupos
2020,2.0,1.0,6,3,Independiente,Barcelona SC,Fase de Grupos
2020,4.0,1.0,4,5,Bolívar,Guaraní,Fase de Grupos
2020,2.0,1.0,5,3,Flamengo,Junior,Fase de Grupos
2020,1.0,0.0,5,1,Palmeiras,Tigre,Fase de Grupos
2020,0.0,0.0,3,3,Univ Católica,Internacional,Fase de Grupos
2020,5.0,1.0,5,2,Boca Juniors,Caracas,Fase de Grupos
2020,5.0,1.0,6,1,Grêmio,CD América,Fase de Grupos
2020,6.0,2.0,5,6,Libertad,Independiente,Fase de Grupos
2020,7.0,3.0,3,4,LDU de Quito,Santos,Oitavas de final
2020,8.0,1.0,4,6,Atl Paranaense,River Plate,Oitavas de final
2020,4.0,2.0,2,5,Delfín SC,Palmeiras,Oitavas de final
2020,5.0,3.0,6,7,Independiente,Nacional,Oitavas de final
2020,4.0,2.0,4,5,Racing Club,Flamengo,Oitavas de final
2020,1.0,1.0,5,3,Libertad,Wilstermann,Oitavas de final
2020,3.0,2.0,5,6,Guaraní,Grêmio,Oitavas de final
2020,5.0,1.0,6,4,River Plate,Atl Paranaense,Oitavas de final
2020,1.0,1.0,4,3,Santos,LDU de Quito,Oitavas de final
2020,1.0,1.0,5,2,Palmeiras,Delfín SC,Oitavas de final
2020,10.0,3.0,7,6,Nacional,Independiente,Oitavas de final
2020,6.0,3.0,5,4,Flamengo,Racing Club,Oitavas de final
2020,3.0,1.0,3,5,Wilstermann,Libertad,Oitavas de final
2020,4.0,2.0,3,5,Internacional,Boca Juniors,Oitavas de final
2020,7.0,2.0,6,5,Grêmio,Guaraní,Oitavas de final
2020,9.0,4.0,6,4,Grêmio,Santos,Quartas de final
2020,7.0,3.0,5,5,Libertad,Palmeiras,Quartas de final
2020,1.0,0.0,5,3,Boca Juniors,Internacional,Oitavas de final
2020,5.0,3.0,6,7,River Plate,Nacional,Quartas de final
2020,5.0,3.0,4,6,Santos,Grêmio,Quartas de final
2020,5.0,2.0,5,5,Palmeiras,Libertad,Quartas de final
2020,5.0,3.0,4,5,Racing Club,Boca Juniors,Quartas de final
2020,9.0,1.0,7,6,Nacional,River Plate,Quartas de final
2020,7.0,4.0,5,4,Boca Juniors,Racing Club,Quartas de final
